53594,3495,19664,686419,3589,4359,4,29,36091,2,140,7,147,79,24,16,28,95,110,2452199
46954,8906,46276,652974,1835,20343,1,34,229109,14,613,0,613,69,467,122,250,240,537,2451830
47554,12421,22597,1351577,4066,49708,4,24,177313,16,741,51,793,88,723,437,298,6,863,2451219
30006,14511,96203,337202,4741,14233,7,11,235458,1,94,0,95,71,8,37,30,25,81,2452710
29147,16465,26610,771680,750,3773,8,8,206015,35,835,58,893,27,1474,334,295,205,1560,2452644
46084,673,51220,310940,7013,20733,7,6,41651,14,369,3,373,81,307,29,64,275,393,2451121
40244,15919,9313,930380,5855,15330,4,5,140535,9,39,3,43,18,179,30,7,2,201,2452420
58799,17805,53886,542350,3587,45271,1,12,29893,7,107,9,116,83,35,80,15,11,128,2452623
30981,17030,67304,565084,5047,22563,7,4,163039,10,169,8,178,10,198,18,96,54,216,2451567
49869,907,52284,943148,5739,31083,7,25,105681,4,209,0,209,8,83,98,12,98,92,2452632
30315,10309,54548,505219,5424,21182,4,20,82624,48,13,0,13,19,300,4,3,5,319,2452684
33788,10943,32884,433300,1716,28532,10,24,192001,18,279,8,288,31,65,61,4,213,104,2452026
42606,1319,80741,1654319,3430,3741,7,28,236518,35,4424,176,4600,79,2128,2167,1759,496,2384,2451788
44442,2015,27722,1297723,510,23250,1,17,142169,15,0,0,0,52,526,0,0,0,578,2452082
35333,13173,78346,707313,5780,31847,2,9,54704,3,39,1,41,17,30,37,2,0,49,2452353
35845,10856,48563,759198,5006,44367,1,21,11687,4,182,16,198,58,159,131,17,33,234,2451226
48217,7419,62133,555385,3037,42689,7,35,156333,6,123,11,135,25,108,91,13,18,144,2452251
43112,17758,84506,581505,5085,36265,10,7,199033,18,986,78,1065,8,1159,976,0,9,1246,2451057
38798,16303,59274,1339849,330,8811,10,3,45223,77,2206,0,2206,44,0,1191,669,345,44,2451120
31558,872,93430,443465,6864,33463,7,21,183879,40,2442,219,2661,12,1316,854,920,666,1548,2452015
46908,9404,75196,244795,794,40393,7,6,109420,14,222,11,233,93,58,26,54,140,162,2451868
51411,3582,26499,504006,3835,22864,4,2,108255,1,1,0,1,13,10,0,0,0,24,2452671
31595,4545,63297,1607157,6192,1180,8,28,91273,41,205,8,213,5,225,137,30,37,239,2452453
30789,8161,1991,1850224,2934,19997,1,5,7353,67,295,26,322,29,1050,215,49,30,1106,2452540
33325,4216,36220,633384,6195,31806,4,16,76188,15,222,19,242,10,239,106,88,26,269,2451167
57262,4267,95012,1768942,1061,43133,2,29,201630,32,2773,83,2856,7,1334,1858,201,713,1425,2451850
52512,6109,19618,45514,2122,14683,1,19,213409,15,82,1,84,58,79,47,6,29,140,2452345
33275,12686,74231,1769006,1096,33139,2,20,62562,79,2190,65,2256,51,3505,503,185,1501,3621,2451202
56074,6740,90663,1906184,3305,46826,8,3,142246,67,4893,146,5039,8,683,3767,416,709,838,2451494
39564,8381,22430,652905,3733,28608,4,8,55977,28,99,5,105,56,490,73,10,15,553,2452290
37757,11371,8730,718232,3127,11975,8,23,59691,84,298,11,310,54,114,119,175,3,180,2452088
59934,12247,60094,36396,7062,7681,4,23,218863,46,315,15,331,87,315,50,201,63,419,2451832
45709,5315,84979,255391,1058,2372,4,18,131462,1,93,1,94,94,59,70,4,17,155,2452407
50596,10567,75264,1008189,6613,40284,4,4,214817,19,1598,47,1646,15,723,239,679,679,787,2452616
47941,10705,19158,967586,2739,15445,10,1,142359,76,401,12,413,74,2544,304,41,54,2631,2452050
46354,214,38186,1744376,4007,10885,10,14,114356,55,184,14,199,54,184,134,36,12,254,2451179
46394,11037,22125,887301,5872,42443,7,27,112894,31,312,6,318,97,390,96,215,0,494,2452538
47875,11794,97693,1176227,4854,26728,8,12,49530,14,111,5,117,29,136,40,70,0,171,2451262
35093,9292,99583,559264,6471,2078,4,32,21663,3,24,0,25,84,3,19,1,3,89,2451488
57389,11689,60023,1129658,2676,22141,4,29,157175,16,475,28,503,41,0,441,30,3,69,2451340
46659,7705,47270,821237,1157,2677,7,29,78035,23,294,20,315,52,589,109,76,109,662,2452139
35732,7081,90754,361244,531,45818,4,22,80047,4,217,17,235,74,89,10,68,138,180,2451274
59780,13921,48781,1293616,1892,15368,4,28,145970,44,1420,42,1462,16,242,752,327,340,301,2450919
31122,10471,30105,1170135,2099,11216,2,19,196538,29,161,1,163,99,151,16,45,100,252,2452601
41787,16315,16646,1373256,1758,49107,4,1,77956,29,534,32,566,62,284,331,99,103,379,2452645
48130,3793,35983,982728,1393,58,1,18,112637,6,194,5,200,9,240,64,72,57,256,2452265
36018,8729,19654,1431875,1872,39116,10,34,153176,16,408,32,441,78,346,0,261,147,457,2452283
41052,7590,27536,717019,6130,21594,2,7,27746,49,801,8,809,56,361,80,202,519,426,2452495
59793,12664,21176,184108,3343,16578,2,35,80900,5,233,14,247,28,229,128,53,51,271,2450939
40367,15466,7810,295774,5272,13123,4,9,172725,67,2414,24,2438,68,482,2076,304,33,575,2451174
30342,12349,68743,728380,795,11210,1,25,215646,5,276,22,298,57,140,24,148,103,220,2451647
50440,11488,98204,1114638,1615,38145,7,4,119727,6,256,5,261,46,130,166,7,82,181,2451176
59260,4531,78567,1510180,3840,10300,7,5,78622,4,174,10,184,2,64,0,151,22,77,2452123
57460,15978,5244,1329754,1715,34123,7,15,17710,17,43,0,44,4,27,40,2,0,33,2452414
53518,3878,86722,1775475,2254,6680,10,22,49898,11,34,3,38,3,26,26,8,0,33,2451695
60580,5623,35021,1821228,3906,27784,7,32,235053,1,24,1,26,94,4,0,24,0,100,2452000
32833,1135,15165,1358207,5918,10382,2,15,142888,8,1450,14,1465,56,710,232,158,1060,780,2452091
59355,3175,90121,636018,3515,36259,10,30,109201,13,1282,0,1282,86,701,756,347,178,788,2452441
28939,2527,29904,708985,2466,36794,1,18,139582,42,0,0,0,2,606,0,0,0,609,2451836
46378,8020,88543,619975,2429,46836,1,20,51062,17,338,6,345,61,309,301,10,27,378,2451255
37012,14677,17381,989239,175,23464,7,29,18415,9,47,0,47,89,26,21,7,18,116,2452291
37426,8326,733,613732,3863,42794,8,21,210547,12,286,14,300,57,300,0,191,94,371,2451458
54286,2089,49375,1639234,5245,19656,7,16,34082,50,3776,302,4078,91,71,2643,1030,101,464,2452703
56566,3671,97614,1647026,2391,42603,2,25,71097,9,52,4,57,34,88,8,39,4,127,2452005
50247,13460,84977,1813370,3363,25709,7,20,171957,4,124,4,129,45,13,37,1,85,63,2451059
31543,6028,92974,1042542,792,8995,8,28,14618,15,1524,91,1616,56,629,1235,185,104,777,2451586
52222,5014,5035,647392,5465,38691,4,10,195477,33,3017,60,3077,31,2447,995,545,1475,2539,2451254
29395,13759,38664,152152,4354,43403,1,34,119698,1,108,1,109,22,53,65,23,19,77,2451208
53412,2395,85783,1713938,4298,36658,7,33,130194,24,1909,76,1985,45,1485,992,623,293,1607,2451196
34864,6085,37812,1448496,2365,33034,8,17,239215,62,2833,255,3088,74,1852,2493,234,105,2182,2450967
53930,4591,84177,271411,4336,32814,10,35,108256,16,286,17,303,65,354,180,82,23,437,2452767
52195,10797,29457,17660,4619,25978,8,16,67045,10,837,50,887,95,349,368,206,262,495,2452397
32022,10123,1290,240436,6055,44027,7,8,216038,22,437,30,467,80,97,109,199,127,208,2451101
55725,12355,26615,49610,7005,29200,8,20,37693,17,1097,76,1173,34,957,559,53,483,1068,2451180
54684,10765,66132,123341,2388,235,7,2,68505,9,70,2,72,71,51,32,35,3,124,2452664
29029,749,67584,657247,5082,48117,1,14,175778,60,7897,394,8292,26,2129,7344,44,508,2550,2451921
55978,13357,58418,186666,5883,41900,4,19,188985,19,506,45,552,96,448,187,140,178,590,2451501
41799,3504,49075,293121,787,900,4,16,132895,2,180,7,187,73,124,162,5,12,205,2452713
50915,17138,72573,911198,1231,38511,8,29,229671,35,259,15,274,50,936,85,41,131,1002,2452014
37100,16345,85897,182653,502,18704,4,20,220781,12,497,44,541,4,111,208,276,11,160,2452686
53684,8059,67240,101557,4321,31038,2,4,29996,6,75,6,81,88,1,70,5,0,96,2451335
50443,2854,30208,129600,5058,1316,8,14,7024,4,70,2,72,92,8,36,6,26,104,2451559
28947,637,41357,233627,1065,16103,8,34,48783,15,1130,11,1141,61,599,915,152,62,672,2452444
33547,5515,74214,1105285,1156,22627,2,34,206435,2,110,8,118,59,33,25,23,61,102,2452000
45675,16219,8731,256018,2505,15439,2,33,40957,1,125,11,136,92,27,119,0,5,132,2451256
45566,11362,48305,589630,4603,49129,4,26,149082,53,120,6,126,38,67,120,0,0,111,2451058
32648,8676,16623,1208275,6327,47179,4,25,66968,5,283,22,306,35,30,278,3,1,88,2452491
56084,14345,25104,860827,406,23985,8,10,42022,9,730,43,774,17,321,445,19,264,382,2452419
51787,3307,71116,1204875,3848,40821,10,12,47328,9,231,9,241,90,42,97,49,84,142,2451554
43858,11116,10694,866933,6889,12398,2,23,83978,25,145,8,153,78,52,24,81,38,139,2451658
49664,6716,94296,1561614,2200,1139,10,17,175643,24,554,0,554,34,75,61,256,236,109,2451172
33969,12007,98150,60882,3330,37778,4,11,137187,61,1613,112,1726,79,411,806,443,363,603,2451229
36008,8276,77677,134292,4917,30389,1,8,167905,29,2019,40,2060,73,216,1373,336,310,330,2451168
32673,902,6806,614501,5245,11542,10,15,106970,17,81,1,82,63,157,6,8,66,222,2451600
35530,2122,99739,32948,2510,45719,8,15,231424,1,4,0,4,54,16,3,0,0,71,2450916
32947,3553,67727,1554094,1986,17478,2,27,63626,8,28,0,28,75,78,0,8,18,153,2452199
29229,14521,74063,1111934,5172,30010,4,33,215062,3,19,1,21,28,6,9,9,0,36,2451188
50401,13739,88344,89510,7123,45889,10,33,150928,3,74,2,77,51,65,31,3,39,120,2451821
47669,304,24106,214463,2773,45483,2,25,14121,48,1849,129,1978,62,0,425,1253,170,191,2451600
31018,12625,6542,1414570,645,31920,2,13,167743,1,0,0,0,21,16,0,0,0,38,2451524
57014,8632,42406,1636052,6125,24151,10,27,72180,23,590,17,607,41,1017,159,172,258,1076,2451458
57487,13283,68524,494238,4648,25858,7,25,7646,16,1004,20,1024,90,405,934,63,6,516,2452247
31033,11196,43263,1492580,4890,27600,10,20,154996,3,97,2,100,59,11,33,31,32,74,2452426
28882,10605,36855,1074799,4932,36312,4,28,237312,15,401,12,413,94,113,293,49,58,220,2452704
30210,17076,17410,218027,1703,44179,4,29,127499,1,18,0,19,7,28,8,9,0,36,2452504
40180,12410,71403,206651,6699,44747,4,3,55694,2,34,0,34,66,25,7,12,13,92,2451338
49912,517,79494,873959,424,40089,2,4,215318,7,355,10,365,76,339,319,13,22,426,2451708
54234,16771,42628,1053626,1747,47068,8,10,231085,1,142,12,155,89,26,85,6,50,128,2452199
35973,7983,67680,268890,1443,21596,7,19,52164,2,7,0,7,79,14,2,2,2,93,2452695
30134,13714,42516,1747200,2210,12820,2,15,37743,63,1598,79,1678,24,706,527,160,910,810,2451006
50972,13543,82854,1266968,2282,19549,8,2,209250,18,656,26,682,85,307,610,33,11,419,2450848
39174,10436,6493,1852411,3207,40756,4,16,217432,7,156,14,170,33,59,17,77,61,107,2451894
38022,11621,32765,1729618,71,11677,7,26,51250,33,959,9,968,69,288,681,166,111,368,2452294
34644,8853,52174,1301338,1207,13829,7,22,106956,6,213,4,217,34,154,170,21,20,193,2452641
60348,15673,19075,1209045,138,4078,1,6,128000,3,240,7,247,9,123,2,218,19,140,2452366
32552,5093,89161,1485488,532,15176,1,22,220866,43,4506,90,4596,30,1102,45,1516,2944,1223,2452241
56198,5221,62461,1403166,6691,19816,10,33,45416,15,1768,0,1768,73,367,1344,165,258,441,2451449
50360,10313,59533,925115,7060,43758,8,1,66198,80,3468,0,3468,33,3694,1872,350,1244,3727,2452317
50041,2336,56223,1812518,2860,9955,8,7,180316,36,78,0,78,71,24,72,1,3,95,2451113
52001,6991,72515,1305890,2127,38364,8,30,148251,14,269,21,290,27,551,204,34,29,600,2452640
34908,13256,45472,1338881,7032,29183,7,20,8985,4,51,2,53,19,43,24,3,24,65,2451301
61047,11857,56104,312850,5326,24602,10,11,141645,7,217,4,221,30,178,71,14,131,213,2451951
30320,5289,34711,1255741,1497,48853,8,30,180478,54,6201,310,6511,12,2480,5519,54,627,2803,2452642
33631,7691,64438,993277,1396,26315,10,33,111339,46,4689,422,5111,1,3105,797,2452,1440,3528,2451857
60204,13556,79593,1049598,3271,21344,7,28,41780,42,0,0,0,99,1240,0,0,0,1340,2451444
45192,12368,2758,1370258,4261,41864,2,22,182273,61,147,4,152,43,1219,82,57,7,1266,2451376
36465,13767,11137,1652538,1148,46205,7,9,98700,67,1851,111,1962,62,272,0,1610,240,445,2452070
32312,11119,96601,378850,140,36230,8,28,209735,47,1386,13,1399,27,743,498,239,647,784,2452602
45596,9167,93841,1878367,3448,13729,10,33,78709,37,2531,0,2531,81,1442,50,2381,99,1523,2452290
33833,7825,94835,1532178,3121,3664,8,35,186209,1,22,1,23,3,5,15,3,3,10,2451905
34141,9591,62613,1750453,2689,37372,10,4,152485,4,0,0,0,47,12,0,0,0,59,2452295
39293,14011,60493,570005,5854,29303,2,6,197445,5,4,0,4,11,2,2,1,0,14,2451049
60090,11065,74072,1571685,5858,7584,4,20,171273,6,85,7,93,38,33,53,31,0,79,2451278
51682,11434,13618,1602514,1810,306,10,33,159339,5,30,1,32,22,201,22,4,3,225,2450943
41160,4781,45230,1580453,4897,41341,4,19,197612,22,113,3,117,46,520,96,6,10,570,2451990
43551,13733,37120,1741624,4081,7385,8,23,184318,23,522,47,569,13,556,209,194,119,617,2451984
45137,13673,52088,355218,1184,34350,10,22,923,37,481,33,514,22,315,110,70,300,371,2452246
37826,15568,23060,817686,5759,12232,10,16,152300,43,775,0,775,51,163,271,393,110,215,2451316
40931,1636,39112,205841,4678,32668,4,20,201704,9,127,11,138,94,195,12,96,18,300,2451433
60623,10571,26774,1314492,1678,14017,4,32,228274,80,2614,209,2823,57,3060,183,413,2018,3327,2452130
44785,17508,36401,70640,3279,7918,10,33,175099,4,82,5,88,47,63,53,12,16,116,2452753
39909,16832,32658,615443,3560,9724,1,3,60840,31,556,0,556,67,491,367,168,20,559,2451794
34009,12231,18078,827979,280,16981,7,33,56735,27,555,27,583,86,130,261,279,14,245,2452443
50380,16165,58948,369533,6870,31807,10,8,21602,36,203,16,220,83,244,156,41,5,344,2451306
41988,11517,51855,1089726,4988,46297,1,3,218100,4,73,5,78,14,27,57,0,15,46,2452542
59762,14165,43959,548037,3555,42226,2,32,1755,20,21,1,22,72,126,16,3,0,200,2451830
28907,1128,75344,168561,5203,46998,10,25,107134,26,2570,0,2570,27,1045,591,1128,850,1073,2452554
31483,2071,89922,65065,196,40127,7,9,56135,14,747,14,761,91,384,679,11,55,490,2452492
37655,5707,26346,483850,1294,23891,10,35,30423,41,783,39,822,9,198,697,52,33,246,2451242
35057,16857,15109,1406282,4049,21063,2,22,170584,23,588,35,623,13,104,576,6,5,153,2452531
50941,12583,11311,84834,1095,31356,4,3,39520,26,1853,37,1890,17,347,815,996,41,401,2452189
35454,17904,18621,290546,4481,11616,4,14,217325,1,128,3,132,79,1,127,0,0,84,2452448
28872,11683,83398,263276,6429,14382,8,28,133801,4,298,11,310,96,31,223,20,54,139,2451866
48818,6073,45345,1253057,7084,49511,4,12,92267,23,737,29,766,88,116,58,196,481,234,2451156
51954,3157,84311,1884925,5264,21556,1,14,184673,64,3358,268,3627,84,679,2317,31,1009,1033,2451132
31509,5818,43880,1809546,2677,46161,7,33,99897,6,107,5,113,37,53,42,19,46,96,2451620
45076,2231,98404,843663,2109,8508,10,18,172447,12,104,5,109,53,167,67,15,21,226,2452053
52004,6012,84822,1679797,386,18222,7,9,84748,35,465,13,479,58,1178,0,316,148,1250,2452652
31700,6415,42030,1044207,910,24860,1,13,77507,28,121,1,123,37,64,91,30,0,103,2451195
35848,7633,1888,1531069,7169,8469,8,12,49557,38,817,49,866,10,1421,809,0,8,1481,2452515
51189,13015,67557,39549,1125,25101,4,23,205058,7,119,9,128,87,155,104,0,13,252,2451142
59359,11332,80205,886610,5015,30173,7,33,81345,14,0,0,0,97,305,0,0,0,402,2451552
57493,14769,44523,1215516,4909,11902,8,8,62607,62,74,5,80,44,11,55,15,2,61,2452375
29742,12183,17962,185300,6327,6601,8,4,74826,30,1100,33,1133,10,361,143,765,191,404,2452304
55562,17156,51001,1653609,5229,19202,8,25,31495,3,314,3,317,98,67,260,31,21,169,2451734
51735,16072,52976,1519148,6661,6974,8,5,147401,7,97,5,103,35,21,38,46,13,62,2451482
35992,12144,2970,527315,6358,42601,2,12,32393,9,50,2,53,2,75,31,11,8,81,2452399
31579,6227,85703,328408,5513,18618,2,30,168556,2,60,3,64,10,36,21,5,34,50,2451686
41887,3725,21698,1472639,2243,41400,4,11,56279,3,12,0,13,30,5,5,4,2,36,2452056
49144,11348,36253,1506439,303,17767,10,28,208195,1,7,0,7,76,42,3,3,0,119,2451214
45990,13889,87178,1485285,6004,34770,4,10,74725,19,931,46,977,85,471,893,34,2,604,2451715
51365,8389,96550,559400,5200,38600,10,35,239414,18,819,16,835,48,11,737,59,22,76,2452449
31178,10520,92721,122328,4956,48031,4,34,91972,3,54,0,54,32,54,42,10,0,86,2451106
47715,7766,39042,338296,5495,28694,7,20,11497,2,129,7,137,30,63,0,71,58,102,2451013
51460,10355,51770,553620,511,47802,1,27,16532,27,2171,21,2193,90,569,1889,118,163,681,2452305
41490,4113,68905,901590,2271,44105,4,33,90743,38,861,8,870,65,27,646,191,23,102,2452607
39355,14330,33114,1652209,3356,10503,10,22,138349,17,1335,66,1402,9,204,787,443,104,280,2451574
47333,6573,68422,781277,3764,3404,2,16,151132,5,485,29,514,62,263,262,20,203,354,2452564
50119,11065,96795,310638,5575,5712,7,33,202153,3,8,0,8,50,3,0,5,1,54,2452753
47723,11945,73646,1676494,731,2921,8,28,170380,20,1182,59,1241,38,386,35,883,263,484,2451790
46903,5221,43961,469918,4160,43202,8,8,201618,19,496,44,540,64,357,124,44,327,465,2451889
43260,489,43510,886178,3568,33805,10,17,114674,3,176,8,184,86,137,95,12,68,233,2452623
43514,6967,38079,170578,230,35482,8,3,218071,2,18,1,19,91,36,16,0,1,129,2451905
33773,6134,76641,1084887,4802,15517,7,35,44831,6,314,3,317,74,139,62,27,224,217,2451381
39602,10077,26234,388253,1812,14524,1,7,23715,3,162,11,173,97,59,85,60,16,168,2452690
40003,14388,62247,229648,2440,30079,7,30,94687,4,196,0,196,59,120,177,5,13,180,2452601
52396,7779,38569,952798,4633,10868,8,18,88744,28,1234,49,1283,6,127,864,248,122,183,2452647
46544,6565,27940,417802,5651,43500,4,8,3839,64,3889,155,4044,19,2160,3150,428,310,2335,2451099
46924,9055,44195,254111,1616,45521,10,21,171683,9,440,35,475,28,0,154,74,211,63,2452691
52250,16888,73578,1863474,3368,1662,2,25,232006,2,61,0,61,8,48,60,0,0,56,2451117
44739,667,63716,1079560,2359,44758,10,28,4473,25,193,9,203,56,113,122,5,66,178,2451258
49208,6152,73875,1846492,157,15822,10,35,85935,76,7186,646,7833,78,1741,6899,160,126,2467,2451527
48581,9460,928,785376,1969,30515,10,31,149729,29,4417,44,4461,21,1795,88,3982,346,1861,2451199
30765,11545,13275,1509697,4531,39812,4,32,104291,73,80,7,87,23,110,45,23,11,142,2451223
50053,7387,3760,1096649,5081,32266,8,18,235725,1,82,5,88,8,50,50,6,25,64,2452606
50559,3499,59674,1320517,3950,19336,2,5,115235,37,1929,96,2025,50,919,463,894,571,1066,2451215
60294,4558,59638,1698376,3253,13730,2,27,81763,14,1043,83,1127,2,326,594,161,287,412,2451061
58650,2689,15869,987598,127,19056,10,31,77556,56,854,17,871,8,239,649,122,81,264,2452369
50613,835,27349,1001513,6562,7164,10,28,173723,21,1688,16,1705,19,648,591,493,603,684,2451301
41024,14114,60485,1576245,981,6117,10,26,121195,41,1335,106,1442,12,948,347,711,276,1068,2451985
57154,5181,3263,1095418,2575,6932,4,1,10217,4,39,2,42,61,4,21,5,12,68,2452334
43765,7202,62895,477306,5653,10400,4,29,208502,51,45,0,46,60,108,8,12,24,169,2451592
29266,2477,47568,719078,3971,44017,7,6,161873,3,0,0,0,93,0,0,0,0,93,2452317
55975,3056,51853,959529,1088,27447,10,5,180509,25,1146,68,1214,11,750,229,586,330,829,2451698
39318,17726,87212,83918,1563,33655,8,14,125080,53,2204,22,2226,2,1588,440,1746,17,1613,2451632
58644,1761,66096,872046,995,22791,4,6,137354,64,74,2,77,59,2481,30,18,25,2543,2452525
36194,10570,40487,82610,6031,24699,10,33,48108,3,1,0,1,49,0,1,0,0,50,2451626
40247,11846,99808,1369925,6353,21628,10,6,189626,2,32,2,35,34,54,13,4,14,91,2452056
58629,2743,81463,526626,4564,23702,8,11,26275,14,12,0,13,50,36,0,7,3,88,2452019
60489,5455,35720,40581,5795,48656,8,18,57224,52,3005,180,3185,94,394,2855,120,30,669,2451195
60303,8040,22003,465222,177,1485,10,10,216130,36,2147,42,2189,32,2104,493,1107,545,2179,2452684
28900,3381,94577,410733,3874,968,2,21,151121,9,573,28,602,17,143,229,34,309,189,2452317
38303,13459,2325,1849172,6911,1850,4,11,231144,56,1798,125,1924,87,2943,953,667,177,3156,2452264
30187,8167,72912,64056,2868,43633,10,33,87242,7,68,4,72,19,25,32,25,10,49,2451276
33987,16285,14131,1282008,3932,32609,2,18,215766,10,650,52,702,40,99,403,61,185,191,2451069
31168,7053,14400,938882,1733,30137,4,5,230745,28,644,25,670,88,891,470,111,62,1005,2452569
48638,12613,65193,1505886,4244,30249,1,15,17539,2,262,0,262,2,66,225,26,10,68,2451857
51132,17566,2446,509250,4003,19956,8,12,139982,72,6769,67,6837,63,1624,5415,663,690,1755,2450897
35500,14431,15337,1014403,6269,36088,2,10,126950,10,684,41,725,19,305,342,301,41,366,2451239
35709,10234,1256,333811,2651,49044,10,2,165543,27,332,16,348,89,204,156,149,26,310,2451137
50853,6615,43167,302339,1805,23271,4,23,192796,11,17,0,17,2,38,7,5,5,41,2452441
52271,14159,44579,1321505,948,25191,2,12,195412,56,1134,34,1168,82,1701,1122,5,5,1818,2452023
59012,13726,68068,1412082,595,32755,7,6,104132,19,63,1,64,42,174,40,19,3,218,2451193
42034,7493,11173,1320595,6721,20494,7,1,56535,13,21,0,21,30,3,18,1,1,34,2452277
38091,13213,36741,875525,5506,33934,8,13,98978,3,245,0,245,82,0,53,97,93,82,2451635
51485,3180,66647,223415,7187,18159,1,28,56173,46,0,0,0,88,473,0,0,0,561,2452759
46360,2113,17563,1605354,6807,23060,10,34,72086,20,485,29,514,83,845,412,51,21,958,2451165
47714,13835,73417,1239466,3379,28092,7,15,124455,9,190,13,204,70,117,76,24,90,201,2451931
31534,9841,57659,1624950,2288,37979,7,3,108184,1,2,0,2,34,24,2,0,0,59,2452411
49575,7555,73389,684414,3915,9769,10,16,113822,3,147,10,158,35,108,5,9,132,154,2452616
47932,13939,49046,239302,3147,49439,2,1,17540,23,1260,50,1310,85,466,894,113,252,602,2451277
51128,19,7459,516356,5304,28252,8,30,168659,57,662,59,722,83,322,26,483,152,465,2452699
29592,14361,89681,469727,2253,12379,1,1,216710,43,1514,90,1605,69,147,181,1026,306,308,2452035
48640,17616,53202,974475,1794,49560,10,27,213144,2,34,0,34,79,79,33,0,0,159,2452364
56520,6637,43473,167093,2713,45533,8,33,204870,14,1606,128,1735,98,572,819,173,614,799,2451370
49964,5438,54474,1553710,3377,18244,1,28,85511,23,170,10,180,91,230,34,95,40,332,2451683
29727,1531,64011,1088909,1454,13599,8,32,165760,50,6241,187,6428,44,2887,4493,1555,192,3118,2451200
59373,7196,78382,1550683,4550,38370,7,25,163797,14,883,61,945,41,0,857,2,24,103,2451697
43495,15709,87300,3754,3738,15769,10,34,128159,38,338,3,341,90,1204,314,14,9,1298,2452811
30169,8512,15777,250304,3487,22670,4,23,162610,76,1874,74,1949,37,1236,1574,269,29,1348,2451337
51562,1864,59136,536584,517,38050,10,24,187810,26,279,19,298,40,558,120,31,127,618,2451560
34832,10040,59286,317029,6983,42937,4,8,76362,24,1602,0,1602,63,313,400,480,721,376,2451714
52686,12610,8424,1688196,1819,4642,8,3,129435,12,650,52,702,6,92,201,313,134,151,2451640
45202,3572,20270,176840,3209,43578,2,33,186203,36,2511,100,2611,36,759,1054,233,1223,897,2451181
41396,14307,46193,1016180,4789,47798,10,34,6653,51,54,4,58,99,489,17,12,24,593,2452308
52226,15218,74232,1087016,5744,33672,7,28,142002,68,63,0,64,8,2,31,17,15,11,2451381
55313,10124,77243,870912,5482,37252,8,4,146738,10,797,0,797,32,402,725,12,59,434,2451393
56205,12797,68183,1330891,1952,31860,8,34,92422,2,29,1,30,79,15,16,10,2,96,2452360
49753,590,49169,227127,3117,3907,1,32,141353,63,727,21,748,13,461,625,10,91,497,2451181
51823,11926,44239,1041478,2127,9976,8,9,204640,21,761,68,829,5,830,335,149,277,904,2451228
48798,11551,92713,818031,2657,40930,7,17,221922,39,1588,127,1715,91,1896,1048,329,210,2114,2450843
29312,16692,74946,209927,4461,6995,2,5,89195,66,2938,58,2997,15,452,2909,18,10,526,2452436
60879,5137,35532,555426,4042,3058,10,28,124993,13,1042,10,1052,44,165,135,553,353,219,2451924
46678,2521,39452,698258,5392,18926,2,34,44912,27,1594,143,1738,53,201,1052,48,493,398,2452091
30199,5815,64977,150046,4926,27406,7,31,65557,28,1517,45,1562,47,328,546,174,796,421,2452332
47103,12834,66329,1092647,4118,17989,1,33,235689,16,545,16,562,67,82,261,249,34,165,2452349
41967,15093,69716,805462,4257,31852,8,7,164963,4,181,14,196,34,151,87,71,22,200,2452192
29924,9825,63423,1003863,3806,48996,7,19,202799,8,389,23,412,75,65,342,38,7,164,2452269
55601,14087,66409,61013,7094,3575,10,2,14073,17,554,16,570,81,450,426,14,113,548,2451844
42468,5270,47649,799265,5135,24652,8,16,196344,17,1273,89,1362,91,62,942,317,13,243,2451182
33260,2287,5908,619239,6295,29398,4,2,207182,10,131,10,141,93,158,98,23,9,263,2451207
36026,16174,14648,1679841,1034,17474,4,32,37772,2,33,1,35,80,28,3,2,28,110,2451092
56559,4976,96277,726897,2510,13370,1,28,149501,2,62,1,64,44,108,25,27,9,154,2451921
42976,14736,20764,1336691,6969,36494,10,10,36076,1,70,2,72,37,22,66,0,2,61,2452567
60755,3049,91685,1151175,5988,17954,8,13,81947,1,126,3,130,27,69,24,53,49,101,2451290
40324,12400,13317,626163,6265,18720,2,22,214112,8,1373,96,1469,89,429,576,55,740,615,2451165
50098,13946,97114,1686040,4104,25321,4,14,230347,69,2067,124,2192,99,2111,1778,66,222,2335,2451926
46113,8713,99922,1075048,6593,28938,10,11,202425,11,284,11,295,47,104,19,264,0,163,2452818
46073,8104,28547,687981,3253,38878,2,15,44882,2,169,8,177,9,33,164,4,0,50,2451639
58099,2641,65999,782598,3197,9043,2,11,222810,4,9,0,10,78,40,7,1,0,119,2451546
38468,10719,63406,1231245,4331,28170,7,7,163029,41,2091,104,2195,71,158,941,1127,23,334,2452234
50811,924,77380,1210391,1967,12343,7,28,143122,22,32,1,34,68,32,7,3,22,102,2452513
43217,7296,82421,318451,190,31882,2,18,157391,1,32,2,35,3,4,10,6,15,10,2452758
40870,2289,68693,942927,6110,31293,2,4,32531,7,12,0,12,43,11,1,11,0,55,2452410
56832,17270,48265,1432830,3144,22211,1,4,203886,10,588,35,623,98,603,270,66,250,736,2451166
45453,6710,11004,1300840,6960,40280,2,20,194922,5,28,0,28,70,0,14,10,3,71,2451313
46162,1370,66877,55219,6890,46608,2,27,180426,4,154,7,162,55,20,20,120,13,83,2451230
53650,17330,92199,1906401,2907,15413,4,20,7224,21,159,1,160,77,385,52,26,80,464,2451210
32999,1046,36930,1080582,6281,40733,7,19,24049,35,591,0,591,44,550,242,272,76,595,2451205
59680,11324,47092,1482941,1228,9162,2,15,149173,72,1758,158,1916,10,1518,228,214,1315,1686,2451173
50101,14317,98240,428565,1680,20748,2,4,208071,1,9,0,10,66,21,0,2,6,88,2452722
57854,16779,85121,1306070,350,11830,7,25,196794,37,5229,156,5386,79,1987,2771,737,1720,2224,2452655
47785,11051,86600,1573296,5660,32871,7,11,140461,8,362,25,388,51,245,344,12,5,322,2452257
42139,4892,25503,1907564,5761,12358,10,30,85267,22,458,32,491,45,428,27,107,323,505,2451192
43658,6626,68067,358772,1477,28629,10,29,85738,4,159,6,165,8,56,81,10,67,71,2451518
34220,14117,19829,734838,5126,5367,10,11,31976,76,1094,98,1192,10,1702,853,86,154,1811,2452334
58611,3688,6284,160423,3715,37407,4,16,181782,14,132,2,134,45,84,93,18,19,132,2451403
45531,1978,44185,575193,2201,16009,2,17,18152,6,224,6,231,21,29,168,52,3,57,2451638
58811,17733,43161,173883,7005,35327,4,16,229380,1,50,0,50,90,2,29,12,8,93,2452086
44243,6514,33598,1531093,5395,46050,2,4,128366,18,75,3,79,67,106,10,5,59,177,2451126
46574,7491,37167,1739887,4992,31297,2,12,114021,88,668,53,722,76,51,474,124,69,181,2452516
41626,10862,98478,579968,4078,3741,10,24,20666,30,900,81,981,69,516,180,612,108,667,2451866
59046,848,7255,701246,508,7323,4,15,4095,13,1157,23,1180,69,544,1099,54,3,637,2451954
36235,4325,33253,1242331,5618,41658,4,35,78147,16,55,3,58,30,9,27,19,8,43,2451970
45044,11465,70971,361403,3936,37622,2,6,225612,40,388,0,388,80,96,31,264,92,176,2452043
57614,15100,40141,455231,5521,42611,1,1,122879,25,1681,134,1816,63,1520,504,235,941,1718,2450834
49094,14541,63617,1838290,283,38676,10,20,83261,12,740,0,740,9,402,325,37,377,411,2452412
42116,16366,21471,50640,4164,47241,7,2,57185,46,160,11,171,33,110,73,23,63,155,2451178
30835,1813,70463,121113,5885,13857,2,23,226428,36,455,0,455,68,164,81,373,0,232,2452571
51248,9477,31439,1048485,5992,3499,2,13,219233,30,789,0,789,71,1947,363,76,349,2018,2452597
47373,14173,72390,31156,4424,2892,1,11,167328,17,4,0,5,20,3,2,0,2,24,2451722
55326,410,92377,113523,1116,38356,10,24,159323,52,0,0,0,89,113,0,0,0,203,2451615
28980,13807,11900,643075,3101,32280,2,32,172326,26,1716,120,1836,21,1454,480,951,284,1595,2451096
50173,14990,82536,1538320,691,8215,1,35,181957,13,123,3,127,47,7,0,16,107,58,2451923
31690,3428,84075,546119,4963,24254,10,17,151815,1,143,1,144,1,28,122,7,12,30,2451352
32426,3853,49792,1079637,4653,7669,4,16,181696,7,13,0,13,58,53,1,8,3,112,2451385
35433,14629,67218,1518870,4389,48708,8,21,231727,50,7143,357,7500,88,1729,142,4410,2590,2174,2451600
28951,8892,86326,958045,6564,11083,2,26,86952,32,86,6,92,46,41,29,57,0,94,2452641
44150,350,90089,842636,6701,14766,1,6,236129,2,182,12,195,67,43,153,13,15,123,2451883
59582,881,70327,1706303,3596,16489,7,30,15858,4,313,6,319,17,0,65,7,240,23,2451813
58830,14767,85028,418018,5634,11297,7,3,32769,8,292,17,310,15,366,17,107,167,399,2452003
47592,13141,64528,729767,3265,37916,8,3,25341,47,3311,66,3377,18,770,1688,600,1022,855,2452236
31769,5815,8373,856489,5277,40065,8,16,46843,1,0,0,0,91,1,0,0,0,92,2452724
53033,2799,51269,817163,4763,27163,1,28,26386,34,4224,211,4436,91,1207,1182,547,2494,1509,2452299
36263,4675,22573,1553794,7078,12409,2,11,67568,12,159,12,172,72,130,3,23,133,215,2452744
32259,15791,64546,1775059,6568,49677,10,10,165376,3,74,5,80,78,20,20,9,44,104,2452050
34277,2416,24296,828162,2375,16541,8,13,65774,32,98,7,106,30,1481,67,19,11,1519,2451663
54152,4259,77031,1869356,6481,48759,7,32,71874,59,2190,65,2255,9,2014,438,1384,367,2090,2452311
44939,6199,82490,1818405,2910,21415,2,35,87392,22,1603,32,1635,29,652,1410,7,184,714,2452701
59756,6751,5417,1054331,2027,25370,10,27,170915,1,12,0,13,80,30,4,4,3,111,2451643
54898,12829,19137,15524,997,24870,10,34,19883,51,1570,141,1711,53,1248,816,7,746,1443,2451312
54807,9280,59514,289071,6938,26852,4,6,99997,6,330,16,346,61,412,36,284,8,490,2451676
50853,17150,92973,793212,6574,31936,2,32,221802,17,1974,78,2053,41,455,1263,511,199,576,2451847
56842,17855,16288,1205418,4302,12739,4,22,153409,47,2363,189,2552,7,979,874,595,893,1176,2452068
39700,16007,95144,386592,4180,13768,10,9,31287,11,29,0,30,71,0,8,19,1,72,2452324
39362,10616,22637,133994,5208,8822,4,2,80831,33,909,63,973,86,367,746,96,67,517,2451886
31974,10411,59383,1092059,72,22085,10,29,138440,51,2129,191,2321,20,106,2087,13,28,318,2452330
47349,9175,47168,1940,6759,24331,4,22,56953,4,268,18,287,62,20,93,137,36,101,2451601
31249,13789,73665,1517536,2664,21439,8,20,168385,16,123,11,134,59,90,99,22,0,161,2452640
51969,3935,60701,1158620,210,12200,10,15,129785,36,483,9,493,23,1052,357,79,46,1085,2452224
55723,85,17523,418235,3971,31707,8,32,7930,52,6024,301,6325,23,1635,1325,2443,2255,1960,2451344
39420,9854,19995,1485567,4129,1938,8,1,120622,29,309,24,334,45,244,95,185,27,315,2451143
57939,1862,53107,147004,2948,20445,7,16,184465,47,265,21,286,66,864,122,47,96,952,2451828
30708,923,89535,1266602,2516,33983,10,2,14809,52,717,7,724,98,208,28,482,206,314,2451698
49200,206,49633,1617437,3288,28692,8,7,44546,20,741,0,741,57,224,281,344,114,281,2451371
47159,3938,29549,1676863,2577,45091,10,26,91280,1,49,0,50,29,15,13,29,6,46,2451465
29780,11551,27176,1709102,186,30917,2,19,25388,3,196,15,212,57,2,185,9,2,75,2451529
52787,17167,62245,668463,3850,30437,8,33,110832,5,725,58,783,33,185,195,418,111,276,2452552
36828,12115,4608,1289061,6709,21510,2,6,106189,11,513,35,549,33,61,400,57,55,131,2450917
42107,16658,27738,85060,3424,1788,8,24,9856,19,1725,155,1880,29,113,414,550,760,297,2451556
36121,16119,21625,1406001,2464,43774,4,22,173088,53,2888,173,3061,33,1604,2050,276,561,1811,2452306
37322,3587,7077,215371,465,22406,7,19,201690,18,449,0,449,25,687,251,11,185,713,2452088
53179,15751,84730,915317,5104,42891,8,7,96185,23,1746,157,1903,34,0,331,876,537,191,2451102
43704,15826,56921,1694874,3981,16288,4,7,142024,5,66,3,70,55,44,39,25,1,104,2451073
33065,10662,92298,1275419,6093,36414,10,4,148306,23,701,42,743,82,369,161,539,0,493,2452727
40103,13039,56001,1760329,1401,41673,10,10,181498,21,1220,24,1245,97,45,561,626,32,167,2452342
58217,13758,52908,610116,3114,4865,1,14,235218,10,329,9,339,93,6,98,53,177,110,2452719
51402,17173,58904,1049874,1690,16353,4,22,196597,7,147,4,151,77,196,95,33,18,278,2451996
34664,1270,84277,714465,6196,4680,4,7,185701,1,29,0,29,6,21,1,17,10,28,2451548
37769,1774,73115,1372180,3108,24836,2,29,215489,4,102,0,102,11,74,17,64,21,85,2451264
37555,2899,61245,459320,6642,29164,7,13,33094,14,1031,61,1093,68,214,866,3,161,345,2452321
46802,7603,23088,653607,5213,37972,10,17,337,24,198,1,200,8,19,107,66,24,29,2451599
43498,1054,13052,64085,5911,19784,4,23,92764,36,1763,52,1816,75,1264,634,67,1061,1393,2451441
57284,9719,26803,708853,6550,30200,7,32,96424,1,19,1,20,29,45,15,0,3,75,2451786
57273,9932,92253,840403,6203,7156,7,31,131607,9,83,0,83,22,124,14,42,25,147,2451415
33416,4646,91295,207690,2900,7710,2,25,107008,21,433,30,463,20,86,4,381,47,137,2451571
53149,9266,87740,865895,4413,9378,7,31,195075,11,0,0,0,88,53,0,0,0,141,2451604
52626,1184,70887,1539436,6744,31252,4,21,200352,20,1869,130,2000,91,1175,37,1630,201,1397,2451846
47658,12703,96515,1061869,6953,7637,1,8,8548,15,94,7,102,17,68,31,8,54,93,2452587
39267,13099,46935,269761,6031,30301,1,16,93460,21,1652,82,1734,30,472,1635,0,16,585,2451223
50174,3582,73919,1237717,2307,6944,7,21,34369,19,177,1,179,71,403,19,58,99,476,2452781
49065,10441,78722,731095,6220,8898,8,28,47323,30,876,52,929,30,709,833,31,12,792,2452031
57320,3922,29334,469729,4945,31008,8,27,104488,17,318,12,331,59,88,124,182,11,160,2451066
44641,1052,76311,1404231,1799,12567,1,18,57990,11,103,8,112,88,53,13,82,8,149,2451105
58350,14340,86238,152088,4885,43282,4,16,50197,33,1858,167,2026,53,245,148,324,1385,466,2452374
33804,16417,84810,473508,4852,25043,1,1,150260,3,79,3,83,13,8,53,26,0,26,2451325
57837,11691,37900,457130,6938,21193,4,26,71078,4,382,7,389,9,229,263,103,15,246,2452227
45743,14217,51334,958687,5692,23497,4,9,221863,22,1937,58,1995,61,63,19,632,1284,182,2452366
44960,217,99579,980065,5798,31884,7,23,195409,6,417,16,434,12,24,329,87,0,53,2452284
52193,7793,70740,1544456,2560,36617,4,5,47810,4,62,4,66,89,100,32,0,28,194,2452238
33598,6738,27216,1639803,286,3569,4,22,84207,3,146,11,158,94,108,133,0,13,214,2452382
48892,5256,85224,1428393,4589,6785,8,4,23647,50,2181,109,2290,71,1496,2006,40,134,1676,2452724
44642,15959,1212,816252,4748,1997,4,19,168679,6,107,5,112,25,4,34,40,32,36,2452324
47859,10848,78823,379669,5937,27005,2,8,35606,31,132,5,138,50,897,30,17,85,953,2452650
49111,613,27758,143901,2785,4822,7,18,170216,41,1180,94,1275,11,1771,732,80,367,1876,2451223
35090,3719,21269,1231571,273,16175,4,34,196526,1,37,2,39,71,2,17,8,11,76,2451712
48638,16901,5029,1167738,1946,44201,10,4,74080,30,322,19,342,21,88,180,36,105,129,2452293
41108,4123,71147,1669494,1794,12141,4,11,116908,3,129,10,140,3,45,94,11,23,59,2451297
55218,7532,81860,1817115,5108,7501,1,20,36067,75,210,8,219,15,261,126,2,81,285,2451217
51800,16220,35729,636850,116,27829,1,13,163863,12,193,17,210,54,713,127,59,6,785,2451042
38290,5396,23668,1738035,7110,14985,1,18,78085,17,863,69,932,94,210,570,161,132,374,2451444
60819,12721,83330,1568283,5273,29416,4,27,81562,37,2617,26,2643,23,258,2119,233,263,307,2452327
38317,10515,45558,480371,5296,20574,1,17,190976,43,2266,113,2379,17,593,271,997,997,724,2452628
58875,11593,1155,1636039,3936,43433,2,2,109830,8,1026,61,1088,50,524,482,136,408,636,2451528
42663,9533,33850,330120,1626,39532,2,19,225766,79,163,13,176,67,109,94,67,1,190,2452343
33050,1883,23151,444653,3045,39037,8,26,58911,4,397,0,397,68,89,15,255,126,158,2451698
39898,14445,42599,306923,4579,25435,1,27,139292,49,2629,157,2787,38,404,1419,1136,72,600,2452219
41671,4833,74470,682903,4605,48354,8,5,226781,4,214,15,229,51,100,124,27,62,167,2452662
47179,3257,42121,1255459,6573,19734,1,4,28094,4,42,3,45,76,23,33,5,3,103,2451924
58363,14161,63020,1258556,1998,3440,2,9,234353,11,987,59,1046,14,293,9,117,860,367,2452632
50135,12181,62595,909806,3728,7650,7,12,237781,20,615,43,658,74,45,36,138,439,162,2451584
32931,1603,36977,345297,17,32337,1,2,183981,10,1202,72,1274,7,0,456,693,52,79,2451237
43270,9433,65235,1660836,790,39191,8,31,114435,18,1818,163,1981,3,737,1436,133,248,904,2452327
52729,10825,20415,134646,1719,18745,4,19,175158,36,1614,32,1646,74,764,1081,468,63,871,2451781
48157,10003,23438,1111847,1780,37313,8,6,165316,1,10,0,10,18,8,7,0,2,26,2452310
48636,4027,31440,719298,1556,21414,10,30,132556,14,31,1,32,40,423,30,0,0,465,2452260
59816,13814,87084,1280051,4925,32246,10,4,218343,79,3065,214,3280,22,1159,306,607,2152,1397,2451289
51918,13777,85248,988229,4569,11309,1,4,24832,28,2436,121,2557,17,714,1096,750,589,854,2452626
60807,9517,76577,64620,2349,2078,7,23,163173,46,348,31,380,20,871,66,16,265,923,2451507
45704,14515,83118,337213,6061,28156,1,26,28857,2,12,0,12,8,19,1,1,9,27,2451335
31602,4399,72885,623935,3515,17895,1,10,27161,12,155,3,158,89,207,124,17,13,300,2451197
38715,15729,89105,319683,6797,42711,4,14,53935,52,794,0,794,79,1211,627,45,121,1290,2452310
35392,7835,37372,138673,3778,2930,2,17,101870,5,56,1,58,44,5,3,13,40,50,2452362
57807,14803,95793,402235,5320,10852,2,24,172263,38,447,35,483,53,89,196,170,80,178,2452422
40334,10945,37515,465603,2491,16579,10,27,134952,4,474,9,483,2,224,109,332,32,236,2451302
38325,11676,3409,1264197,985,38173,2,31,179948,26,680,47,728,3,257,551,107,22,308,2452545
51519,9393,34336,884894,6884,6921,4,13,230109,62,512,20,532,9,401,40,193,277,431,2452591
52313,7414,82568,23248,630,44812,4,9,73057,37,0,0,0,36,271,0,0,0,307,2451410
30307,9424,2960,938725,2062,12199,2,13,90331,30,1039,62,1101,68,428,72,580,386,559,2451099
40488,14340,54530,683926,4824,42569,8,5,97844,7,7,0,7,28,88,0,1,4,116,2452694
44657,3665,22834,1234278,3670,49062,1,18,83334,6,70,1,72,68,100,3,55,11,170,2452378
56515,12807,42082,720830,2331,24632,4,14,172865,14,303,15,318,63,79,15,118,170,158,2452549
46004,6264,4368,1041060,4892,28324,1,10,184832,19,2663,0,2663,74,326,2396,74,191,400,2452701
52574,1267,79219,135605,6360,26668,2,6,169816,35,117,9,127,85,60,54,0,62,155,2451261
42096,16281,8574,782160,6146,9732,10,14,223796,79,3739,112,3851,87,3525,598,125,3015,3725,2452725
33308,8413,82560,1220065,3550,28188,7,4,198745,7,129,6,135,6,258,45,56,27,271,2450996
39846,1841,94765,1302409,2683,49804,2,2,175262,16,263,7,271,83,87,213,11,38,179,2452018
61005,2527,61123,644877,29,9581,7,3,38510,12,522,20,543,66,306,438,5,77,393,2451638
59446,3569,34423,1330459,3856,2900,1,1,127631,80,201,16,217,33,480,155,35,11,529,2452396
34870,14359,70392,1857611,2861,5264,8,15,122968,35,67,1,69,53,67,4,1,61,122,2451499
54713,14672,74714,210235,3356,36830,8,22,195380,40,110,0,110,57,854,99,10,0,911,2451787
59088,2270,34893,806081,2436,10791,10,31,64607,6,160,4,165,18,35,141,19,0,58,2451531
40243,6204,42975,230913,451,12036,7,19,15282,43,1638,16,1654,82,566,1130,411,96,665,2452420
50083,12355,7727,127663,4993,16323,8,8,45940,10,194,7,202,36,22,116,52,25,66,2452568
38918,4270,16416,1394346,5876,35053,1,3,201655,51,722,28,751,43,2674,570,33,118,2746,2451099
55712,8822,75337,871962,3110,41058,1,2,159100,4,33,0,33,54,10,0,26,6,66,2451725
44407,5073,65262,681089,2803,36164,10,24,120299,9,68,1,70,99,7,43,19,5,108,2452603
43957,8099,87000,693447,4397,17347,1,35,107677,10,67,1,69,23,584,43,23,0,608,2452253
50498,678,22618,151388,4925,10062,8,11,47750,16,974,77,1052,39,503,428,414,131,620,2452367
36320,16365,45885,1444376,4820,8511,8,9,88844,4,37,0,37,6,52,27,1,8,58,2452145
56293,995,79362,844147,2124,4948,4,12,155490,11,129,3,133,31,32,90,14,24,67,2451803
43073,5433,97111,1883296,5834,26019,4,7,190141,38,1011,0,1011,25,1430,1011,0,0,1456,2452736
35897,12631,22688,1614726,5084,1089,7,17,104115,20,1223,73,1296,85,564,807,120,295,723,2451259
35807,14320,8424,951611,5656,4548,7,12,33540,17,660,46,706,29,277,416,171,73,353,2451619
34162,17613,9990,1878656,4922,30435,1,22,199951,33,149,2,152,41,472,41,54,52,517,2452395
35518,2999,85494,274248,7186,28171,8,19,176455,15,1110,55,1165,47,594,577,527,5,697,2451959
47315,380,85983,878355,5626,2850,8,35,28346,11,1031,82,1113,68,175,855,150,24,326,2451710
54511,13548,54522,1906332,895,15058,2,6,232400,33,1093,54,1148,2,1837,645,197,251,1894,2452555
51880,2229,49083,76456,5909,30162,10,10,189853,35,2823,28,2852,41,250,1920,153,750,320,2452531
59117,8386,70134,1880331,3596,33614,2,20,178705,4,47,1,49,72,7,16,21,9,81,2451510
58070,7615,56575,1523086,7023,41360,1,4,171365,1,168,1,170,98,52,82,22,63,152,2452655
60357,9254,5512,248902,2833,41517,1,7,133611,12,115,6,122,93,107,34,61,19,208,2451207
38778,15283,51022,87692,2409,46726,2,23,30530,12,407,36,443,83,32,77,3,326,152,2451827
29628,2346,91071,458332,4793,41607,10,9,133619,61,315,12,327,87,644,148,105,61,744,2452622
41062,15149,72781,1759883,2062,49888,8,18,231831,12,4,0,5,35,14,0,3,0,50,2452054
61139,9681,15149,179234,472,18557,4,13,237077,24,646,58,704,19,138,543,57,45,216,2452708
47694,15421,53336,1541774,643,14265,7,18,100,30,257,15,272,43,165,149,102,5,224,2451522
38179,16988,80296,1180552,660,17968,7,34,165161,13,541,10,552,83,421,281,254,5,515,2451077
33446,13729,13323,704183,6243,1903,8,18,42583,13,57,5,62,88,30,37,3,15,123,2452352
37044,9151,35090,1472291,4052,13813,2,5,72912,11,464,13,478,24,258,69,209,185,296,2452042
39178,166,24704,1790153,5649,47545,7,30,952,20,1592,95,1687,94,346,0,1178,413,536,2451045
31959,2204,27875,1868052,4522,1392,10,2,218890,31,341,17,358,21,207,184,25,132,246,2451932
37279,17157,61380,1171385,6902,46019,1,31,198203,8,63,0,63,82,20,48,10,3,103,2452661
53967,10297,72515,911570,6637,10504,8,13,148251,1,5,0,5,14,1,4,0,0,16,2452665
60092,17338,47660,65355,4762,35816,8,20,5706,34,1963,58,2022,16,607,19,1224,719,683,2451329
38288,2849,95374,809736,3725,4561,10,24,112896,32,587,17,605,16,467,88,499,0,501,2452017
39369,6469,29584,1008782,3034,22086,2,15,33459,1,26,2,28,82,5,3,9,13,90,2451280
41498,14849,6391,1448708,956,43204,2,5,2701,8,25,1,26,63,29,17,4,3,95,2452423
35813,2797,83704,839660,63,43619,8,31,231546,32,554,22,577,42,330,49,90,414,395,2451572
38623,8424,97786,1441588,6190,40792,2,16,137306,24,348,24,372,85,318,219,87,41,428,2452701
45587,351,83016,246487,1935,43030,10,26,234159,7,15,1,16,83,15,0,3,10,100,2452339
42960,1970,95639,715532,2625,28518,1,24,125973,66,80,3,83,72,403,39,36,4,479,2451230
30054,14371,18446,590791,4293,21042,2,26,128471,19,689,20,709,38,130,585,42,60,189,2452516
30506,2311,2321,1437742,5615,8288,1,19,174541,25,0,0,0,15,187,0,0,0,203,2452643
29469,6402,28211,251361,3422,3483,7,5,110898,17,249,12,261,98,270,49,161,37,381,2452612
40308,12741,2764,737969,2804,37992,4,12,106248,13,170,3,173,1,22,148,21,0,27,2452688
41263,411,55238,597265,4251,1590,1,35,163531,39,102,1,103,99,1408,0,42,60,1508,2452255
37937,148,48207,1430421,2286,1751,10,1,16037,12,215,19,235,78,53,159,29,26,151,2451436
60897,17209,13308,1277686,2434,40382,4,6,25195,18,65,5,71,70,238,9,18,37,314,2452212
29006,5941,7201,494107,3020,22780,8,28,184799,2,24,0,24,30,8,20,1,3,39,2451449
29998,3440,26757,1848023,3421,20019,7,7,78661,44,784,23,808,20,18,164,613,6,61,2451066
59752,17977,7447,809806,6757,45661,4,14,157878,16,975,19,995,11,195,185,426,363,226,2452359
37883,13360,16222,1184314,759,35651,4,8,178911,6,257,12,270,55,95,123,8,125,163,2451341
52774,13761,65565,1506259,2786,34913,4,29,136082,31,2359,47,2406,47,823,1132,61,1165,918,2452309
60557,3032,46919,881991,263,38935,7,31,174770,52,331,16,348,90,2240,116,194,21,2348,2450932
54907,5374,5902,369584,6866,7748,7,7,214807,10,1303,39,1343,81,123,91,860,351,244,2451131
50102,17939,59459,96748,492,49389,1,10,17170,64,2596,155,2752,20,1664,1012,1298,285,1841,2451946
33616,6149,53515,1800741,439,20490,2,19,233585,3,38,2,41,90,62,9,1,27,155,2452328
42747,10206,30764,851186,4055,21677,7,8,11604,25,748,7,755,39,142,67,449,231,189,2452675
30514,2149,37998,1346866,2496,42126,7,21,82812,3,26,1,27,35,23,17,1,6,60,2451933
60978,17059,37241,848132,176,40667,2,19,127930,41,452,31,483,84,333,126,104,221,449,2451124
60655,12400,23171,1071597,3223,24449,4,24,211881,47,587,23,611,9,16,41,388,158,49,2451198
36766,11916,32865,255206,2966,3973,1,23,223507,5,711,21,732,28,79,334,252,124,130,2452403
44135,13483,52493,135341,5742,34543,10,27,5844,6,49,3,53,97,5,48,0,1,105,2451268
44995,846,35989,366301,6549,35997,4,3,163466,9,360,25,386,23,7,36,175,149,55,2452395
44364,17420,47745,923143,3779,27615,4,12,104934,8,144,4,148,92,67,41,49,53,164,2452013
56932,7468,2579,1824533,6249,2765,4,17,43549,2,15,0,16,28,9,5,8,0,38,2451162
33147,11948,94099,613856,4813,8970,8,24,24070,13,127,7,134,56,707,36,17,73,771,2451561
37898,10186,44691,1030334,2412,42537,2,25,42843,35,731,51,783,27,225,636,3,91,303,2451263
50619,16344,24189,742673,7110,19594,7,30,9067,71,1480,44,1524,62,812,473,845,161,920,2452655
59506,14711,14756,959349,1063,30777,1,10,233858,17,1219,73,1292,45,98,146,750,321,216,2451572
35017,13453,93068,246480,5209,12338,2,8,173792,38,292,8,300,99,40,242,49,0,148,2451692
49332,11330,8914,1210809,7003,32797,7,7,179035,48,333,13,346,82,1030,109,44,178,1126,2451815
55367,9367,64666,1528889,3159,35782,10,5,133531,7,592,11,604,65,504,201,254,136,581,2451619
34248,12957,69179,909961,5168,19622,7,13,12739,2,72,4,76,62,55,1,14,56,122,2452474
38668,19,72406,1286703,2469,36188,10,25,177268,19,161,12,174,6,387,87,69,4,406,2451217
52731,13599,92921,31882,1596,42557,2,17,225692,9,54,0,54,96,108,48,2,3,205,2452024
52167,7840,48575,1789968,3714,34260,2,7,191333,9,69,5,75,25,123,41,1,26,154,2451548
43058,5165,37421,244243,2712,13534,8,20,239314,5,207,0,207,47,135,56,103,48,183,2451617
48233,4038,25223,493134,6198,13709,7,19,185981,53,2645,185,2830,37,616,1746,602,296,840,2452723
29693,13184,82702,1399631,1163,4248,8,20,20407,57,1279,76,1356,64,1535,754,188,335,1676,2451979
45794,2384,30036,1533582,2129,39123,2,27,149080,32,1180,70,1250,34,190,259,662,257,295,2451903
56567,13462,88682,1236916,3213,35910,1,24,69508,1,21,0,22,17,5,15,1,4,23,2451693
55151,15205,93676,442683,6113,37496,7,34,158372,60,577,51,629,80,23,230,204,142,155,2452617
57966,3253,62494,772907,4616,33925,10,6,70399,6,15,1,16,96,2,0,3,12,99,2451155
52472,12839,23900,1484689,5831,3820,2,24,44320,13,137,2,140,12,258,66,71,0,272,2452010
55210,12599,88231,1151000,1963,48573,1,28,93634,41,312,12,324,75,3674,274,11,25,3763,2452403
44329,15286,3711,1290348,3832,36069,10,3,24446,7,51,3,54,86,24,38,11,0,114,2451066
41163,9133,98560,211698,4691,45284,2,28,53892,11,1197,47,1245,64,421,826,326,44,534,2451938
36061,17540,2492,1500329,158,30787,4,17,148178,3,56,3,60,8,15,4,0,51,27,2451182
32884,15649,23187,1906693,2253,37766,2,24,157917,8,280,11,291,86,9,0,224,56,107,2451107
49699,16427,60259,1397022,4769,32916,10,32,165866,30,3265,97,3363,68,90,1600,1232,433,257,2451775
29080,16269,57313,806350,987,21624,10,11,153260,25,912,45,957,28,461,319,5,586,535,2452324
34335,13885,6627,1681908,3469,31877,7,16,176003,46,1207,84,1291,19,938,470,360,375,1043,2451962
31238,13736,35790,50207,4271,23535,1,26,49457,10,166,9,176,66,253,46,5,113,329,2451203
29867,2857,79757,602717,3040,19810,4,31,83524,1,4,0,4,26,11,1,1,2,37,2451832
53743,4681,67538,1876667,6692,5870,2,23,13554,28,1780,17,1798,12,0,890,240,649,30,2451024
47274,8955,51428,1387938,3762,11539,2,30,13881,1,62,2,64,71,39,14,34,13,113,2452638
29996,9382,58856,1597841,943,28398,1,8,52856,26,1124,101,1225,85,548,67,739,317,735,2450873
41008,13235,8447,67338,2442,4699,4,5,182962,28,288,25,314,49,93,48,93,145,168,2451638
36243,2504,45718,418111,1937,45410,10,27,147593,32,886,44,930,22,1666,505,160,221,1733,2451784
31309,4509,8833,342664,5989,29714,2,27,177139,4,345,0,345,46,87,320,7,16,134,2452212
61039,302,86703,1669258,4166,38321,1,19,85876,63,3538,70,3609,18,1179,3326,74,138,1268,2451219
44645,2969,90026,880853,4884,26468,2,11,99586,20,213,0,213,6,61,203,7,2,68,2451832
33147,7348,55633,1847678,623,32768,8,3,182376,49,1808,90,1899,49,728,669,227,911,868,2451000
37735,585,73740,1880957,167,41024,10,26,206380,16,296,26,322,17,277,213,65,17,321,2452446
41685,5608,36142,357176,1621,24866,1,11,161769,27,1607,32,1639,60,233,1093,457,56,325,2451453
59856,1493,10772,565888,411,48887,7,11,188273,8,107,5,112,66,18,73,24,9,90,2452040
58589,8943,92870,202073,6222,20771,1,26,24056,12,19,1,20,94,2,1,5,12,98,2452374
51495,1,46242,905893,1991,14089,2,28,70343,28,40,3,43,52,0,36,0,3,55,2451960
44004,15873,63271,20790,5310,18230,10,3,12437,6,407,24,431,84,73,28,303,75,182,2452709
45663,6679,90966,1782330,3256,30582,7,24,116466,53,313,9,323,92,461,269,40,3,563,2451971
40707,2866,46528,424580,508,46789,2,16,116664,3,9,0,9,90,80,4,1,3,170,2451273
30425,17411,2562,1895252,4018,38737,8,29,129650,30,580,17,597,51,389,528,23,28,457,2451809
41482,14400,31152,1178376,7162,27948,2,33,111625,1,37,2,39,67,0,26,0,10,69,2452644
54869,3806,97433,1303008,2183,37358,8,8,183333,3,58,2,60,81,18,51,2,4,102,2451580
55904,6746,87207,1522079,4238,47597,10,15,159518,40,589,17,606,97,128,489,8,92,243,2451079
50670,9166,57650,241767,1094,2821,4,18,94722,2,48,1,49,50,23,31,1,15,75,2451168
39443,9985,34527,554131,2775,26972,2,13,87739,53,1080,21,1101,25,1588,972,70,37,1635,2452604
47388,12250,6166,611345,4639,22686,7,4,210451,47,2272,181,2454,18,2055,1567,514,190,2256,2451522
58863,533,57937,51701,6557,32213,10,22,221542,75,1446,14,1460,68,75,1012,299,134,158,2452012
41007,14018,81090,481544,399,24854,2,11,157020,67,4302,258,4560,19,2458,3442,619,240,2737,2451036
55531,14855,34583,1434441,6950,33012,2,31,39577,1,14,0,14,29,59,13,0,0,89,2451887
56998,10084,53028,991629,2275,31674,4,29,123850,51,415,24,440,17,47,166,177,72,89,2451068
57694,17445,352,547091,4230,8522,8,30,210659,1,1,0,1,71,2,0,1,0,73,2452653
56912,503,58616,676104,3639,26727,7,25,29728,35,3377,304,3681,76,1381,2229,103,1045,1762,2451933
32650,13331,69951,1601873,3395,12517,1,26,22565,8,233,13,247,65,179,34,148,49,259,2452345
61051,3229,96882,1216018,6801,35937,8,6,111486,34,525,36,562,54,283,499,15,11,374,2452226
60191,2995,1581,503968,2002,43236,4,12,206235,15,868,34,902,53,221,52,342,473,309,2451795
41403,6193,88585,580696,5091,27839,1,5,9915,13,66,1,68,69,41,63,1,1,113,2452739
31977,14228,8500,757643,2845,10894,7,33,58339,4,489,29,519,80,303,274,131,84,413,2451097
50730,7245,61733,1624041,1902,19010,7,6,7248,51,3571,321,3892,54,1959,3107,264,199,2335,2452338
44397,6235,7581,1587215,3649,483,1,31,235198,30,2370,142,2512,53,0,1351,519,499,196,2451933
35343,13160,48232,472847,1753,1859,2,18,100711,9,78,7,85,95,46,40,23,14,148,2451010
46097,8525,15188,1396892,3843,13194,8,34,151146,75,220,2,222,36,4752,125,67,27,4791,2452037
33707,8383,13036,1895188,3740,7092,7,8,196121,8,430,12,443,60,449,219,143,67,522,2451629
60179,9167,32623,232164,5375,29386,2,21,16754,2,13,1,14,67,20,2,7,3,89,2452320
47598,16736,7299,1159380,2661,5542,1,9,111363,8,504,15,520,68,200,257,2,244,284,2451626
33090,15199,93721,600399,677,34555,8,21,223593,12,401,0,401,55,80,60,289,51,135,2451080
58583,14761,80516,93084,2652,5773,7,5,138655,12,12,1,13,90,23,5,4,2,115,2451744
56339,6014,9211,1364016,6021,426,1,18,45907,51,1895,170,2066,7,1320,625,165,1104,1498,2451613
50603,2395,45153,1671746,5789,22985,2,4,207424,34,1842,55,1897,14,534,1436,60,344,604,2452769
37097,14235,74674,1386152,2430,14308,10,14,31822,51,2178,130,2309,65,2788,1612,526,39,2984,2452218
35209,16964,47748,905764,5493,1269,4,24,157024,42,21,1,23,88,481,3,4,13,571,2451612
51092,5767,37511,412833,2555,43477,8,16,197293,1,56,0,56,9,38,28,16,11,48,2452333
52371,16647,66602,374953,2208,9816,8,19,66975,35,1372,27,1399,77,800,1303,39,28,905,2452189
47382,628,21070,681205,475,14498,4,1,178533,38,10,0,11,96,25,5,2,3,121,2451599
32703,8995,65060,682939,3716,6940,7,31,15864,26,1470,14,1485,82,214,29,43,1398,312,2452609
42085,13835,27148,1340466,5260,31701,2,11,33043,81,791,63,854,63,1582,625,152,13,1709,2451947
47768,10351,76628,432605,3343,47328,7,21,112191,2,9,0,9,34,53,2,5,1,88,2452217
52769,781,80585,634398,6891,8537,1,4,167622,42,1096,98,1195,43,25,76,316,703,167,2451477
47499,1370,39422,1339838,552,40419,8,25,176101,23,101,6,108,31,305,60,15,26,343,2451578
57839,1643,49195,1914554,1180,48253,1,10,208172,1,26,0,27,4,44,3,4,19,49,2451893
44507,8785,73450,939426,6649,31025,7,6,143157,46,5002,250,5252,49,2397,1900,1922,1178,2696,2452261
52165,1056,21250,366875,947,9372,7,19,169632,1,4,0,4,91,8,0,1,2,99,2452657
55863,10364,65628,1639967,5119,1871,8,15,110656,15,934,74,1008,87,489,74,635,223,651,2451135
58444,13237,72657,1917434,3508,30382,10,5,21468,11,688,48,736,50,198,275,49,363,297,2452364
52026,3034,32178,855269,3112,24555,7,8,129822,1,1,0,1,72,3,0,0,0,75,2451511
31830,15125,57216,984720,234,40548,7,8,199317,11,431,30,461,13,371,181,10,240,415,2452284
51954,2542,34700,415690,4233,22023,4,33,101993,8,23,1,24,27,193,7,12,3,222,2451569
29938,12745,62345,1024803,89,47422,4,6,103657,4,16,0,16,29,103,1,5,8,133,2451816
39008,14589,75621,936486,6534,20135,1,19,61546,1,35,2,38,36,13,27,7,0,52,2452686
57525,2019,12862,415346,577,49008,8,20,136437,7,281,0,281,62,90,168,3,109,153,2452676
36540,15194,91081,110291,843,18548,1,20,161302,73,3978,318,4296,23,3030,2068,1661,248,3372,2451557
31870,5551,35715,1332139,5790,21841,4,16,103673,10,311,3,314,50,81,280,4,27,134,2451926
47151,1723,31542,990502,815,39081,2,30,5937,29,2529,75,2605,87,140,227,230,2071,303,2452538
50024,1879,86548,1884852,5004,43109,7,4,64841,29,842,16,859,13,2106,581,219,41,2137,2452352
31309,9019,84707,1268858,1985,20312,8,6,179474,23,1582,47,1629,21,1109,1012,11,558,1178,2451249
54043,4088,28918,218806,5065,48524,2,10,22180,28,1237,111,1348,90,108,160,21,1055,309,2451101
59454,2660,34603,1693443,5285,45127,10,34,169693,1,11,0,12,2,15,0,3,8,19,2451138
41934,7840,85062,1710232,52,41519,8,9,140059,2,96,4,100,90,16,65,29,0,111,2451497
58743,753,45211,1813386,3464,35495,4,24,128323,7,140,7,147,18,0,124,4,11,25,2452238
38571,7141,4728,1068305,698,2291,7,22,99292,25,2689,53,2743,8,340,457,736,1495,402,2451654
48604,9517,99951,1650746,5094,1842,2,8,33013,3,114,6,121,96,54,98,6,9,157,2452037
35202,14511,68341,841758,1575,1392,10,9,29343,63,3946,118,4064,56,788,3630,142,173,963,2452277
39687,6647,30392,1512096,6157,28171,4,1,36764,32,2318,69,2387,32,1202,1645,215,457,1304,2451766
43174,10262,16930,1580075,2602,19529,4,1,165593,1,27,0,27,12,0,24,1,1,13,2451160
57567,12441,97659,359209,1825,22888,1,14,59515,76,5429,54,5483,33,718,4343,792,293,805,2452724
57810,17798,10484,440883,3282,33634,4,17,224436,3,40,3,44,67,38,19,18,3,109,2450950
54386,12140,4628,101289,2698,26954,1,12,122280,13,62,3,65,44,20,9,10,43,68,2451597
45515,669,68545,638468,5176,19131,4,7,114445,21,116,5,121,81,99,92,10,12,186,2452308
45258,16562,60790,1563754,7071,12835,8,26,163375,63,1151,0,1151,70,11,817,206,126,81,2451096
53246,6476,17794,940899,7174,6696,7,23,33108,4,37,2,39,30,60,5,30,1,93,2451170
31642,17196,85031,654750,2323,4343,10,31,19821,20,518,0,518,86,941,165,183,169,1028,2452634
50914,16616,41649,1380613,377,8941,8,12,50225,42,616,0,616,25,616,431,42,142,641,2451721
55625,15905,11438,1757958,2914,13423,10,21,40700,55,876,8,884,92,361,254,230,391,463,2451896
41769,2863,38956,912077,1414,30798,4,32,218225,9,452,22,475,43,613,90,32,329,679,2452428
51163,14995,6579,1819899,5502,42305,7,6,77064,2,35,0,36,71,30,25,0,8,102,2451563
53747,17521,83353,70703,2295,44734,2,3,155643,26,516,25,542,35,0,366,56,92,61,2451281
47813,11953,77973,310704,901,3945,8,8,82755,39,1291,103,1394,36,710,1071,65,153,850,2451928
35979,6481,78708,269001,6687,41526,2,11,41338,15,589,35,625,2,307,294,197,97,344,2452266
29702,4123,31626,1403477,2325,21620,8,15,14043,1,3,0,3,10,35,0,0,3,45,2451630
47610,7648,90598,312714,3983,34899,8,19,75698,1,1,0,1,96,14,0,0,0,110,2451215
46532,6169,82795,473981,3229,16524,7,25,219865,13,138,12,150,36,415,121,16,0,464,2451135
32107,15687,43842,113636,2593,27150,4,34,154368,5,11,0,12,74,23,4,5,0,97,2452370
48869,7136,4090,1117084,2818,4152,7,15,160140,9,528,10,538,14,106,464,15,48,131,2451702
41725,13521,2326,995116,5373,32030,1,26,234177,2,32,0,32,83,92,3,16,11,176,2452267
55953,2110,1391,869892,1104,5069,7,19,109848,5,108,4,112,64,149,40,13,54,217,2451251
33184,3505,89961,705039,6644,39402,1,2,8528,28,2045,184,2229,78,1152,20,2004,20,1415,2452603
33954,3638,55166,987616,2633,30050,8,34,35918,40,916,9,925,58,422,210,77,628,490,2452039
36302,15031,54495,1053236,777,45165,2,27,197592,36,2378,47,2426,32,1398,1617,548,213,1479,2451961
51079,16855,6517,1451076,2903,1130,2,21,174177,1,85,6,91,70,19,55,7,22,95,2451055
44181,10612,26847,1728035,3321,10654,10,1,221650,12,66,0,66,4,30,32,24,9,34,2451207
32480,11532,45475,725238,2149,707,1,16,115365,26,237,21,259,74,196,80,133,23,292,2452621
41109,7433,91860,1306274,1619,30964,4,24,188905,7,17,0,18,96,13,1,6,8,109,2452181
43345,12650,74269,1335977,4356,34335,8,21,37892,36,2394,143,2537,71,2176,1292,561,539,2391,2451503
46223,1686,29923,1150659,995,3284,7,31,94171,35,1883,18,1902,75,864,1073,688,121,959,2452546
37985,14404,25878,1531282,1852,20469,1,26,219462,37,866,77,944,70,388,511,255,99,537,2451620
52992,1442,45790,851108,4873,25438,4,31,113297,32,2605,130,2735,13,433,1927,494,182,577,2451912
59297,339,74454,527086,5614,23789,8,10,38954,12,13,1,14,42,31,4,3,5,74,2452747
35116,12010,54064,1471734,6831,43928,1,19,120399,11,461,23,484,99,33,50,131,279,156,2451571
37506,4831,51808,790005,1127,13849,1,3,150622,11,462,23,485,21,197,397,7,57,241,2452617
35260,15049,31244,25809,3878,34347,10,7,148768,52,4229,380,4610,47,2153,338,389,3502,2581,2451921
54368,7208,83670,149402,4677,6752,1,20,225965,56,2671,106,2778,50,1021,213,2138,319,1178,2451137
57479,12757,4847,118066,1319,26972,8,3,124604,62,3795,189,3985,10,1177,3264,361,170,1377,2451261
49119,17207,82441,593475,3262,47496,2,34,15764,8,241,4,246,20,68,161,12,66,94,2451879
42152,3016,38655,176115,2706,36897,10,29,51202,34,336,0,336,28,98,107,219,9,126,2451546
29012,12539,46182,753967,1399,9584,1,11,220898,79,884,35,920,4,110,460,293,131,150,2452308
55430,12122,18817,185955,6173,17591,8,7,94419,1,26,1,28,70,7,22,3,0,79,2451457
45276,2329,6332,1874686,4999,32112,1,18,117697,12,102,6,109,52,12,94,1,6,71,2451626
29283,6729,30176,1362122,6007,49492,4,17,6085,33,857,8,865,98,418,317,10,529,526,2452180
29494,3621,11256,398178,4413,22695,2,22,227509,31,543,0,543,85,93,293,122,127,179,2452191
46792,12560,78361,36157,5116,28475,7,26,238805,33,0,0,0,58,417,0,0,0,476,2450988
56818,15227,26489,1174322,3561,5553,7,16,91773,64,2291,183,2474,9,723,1466,371,453,916,2452322
37487,14715,20907,1310043,2313,26983,4,28,212025,16,17,1,18,40,19,5,7,4,61,2452614
40663,7502,88321,361812,3188,22211,8,28,108899,60,1253,75,1328,22,0,376,219,658,98,2451907
49505,9092,2168,1291238,586,30287,1,28,131787,36,1708,153,1862,32,1245,1401,292,15,1431,2451630
44360,13955,6135,730968,4584,11047,4,26,62102,16,1172,105,1278,59,600,691,139,341,765,2452018
38573,1983,11240,699404,6684,42317,1,10,125443,17,58,3,61,32,15,12,1,44,51,2451948
37583,8311,92544,301395,6361,30127,2,17,237020,6,58,2,60,78,35,5,0,52,116,2451967
37973,10453,60143,64145,2906,17267,10,34,131512,40,518,36,554,47,204,222,242,53,288,2451439
54855,9760,96411,1508965,1592,29372,1,24,65613,42,2802,84,2886,83,856,2438,36,327,1023,2451136
41671,11527,92156,1878077,3368,20259,7,31,194706,47,93,3,97,71,1405,57,21,15,1480,2452355
52888,6712,38735,736753,2814,28875,10,17,20353,14,1187,23,1210,56,382,546,326,314,462,2450952
31714,15741,9506,1002686,2548,21163,4,30,95791,15,796,55,851,69,0,477,22,296,124,2451984
57872,7739,92693,293702,6264,32873,10,26,221089,6,67,1,69,49,30,4,11,52,81,2451810
58010,11101,9529,1051446,3316,29233,7,2,97836,28,374,22,396,3,665,89,221,62,691,2451047
36992,2354,56683,569818,5353,43688,8,23,19225,13,253,15,269,69,14,185,17,50,98,2451137
39347,6670,77941,442400,4555,3157,7,24,175245,25,509,45,555,39,254,30,354,124,339,2451328
29667,6398,13258,608806,3776,21099,2,32,140899,3,61,0,61,22,54,11,49,1,76,2451491
55632,897,61824,1697002,4180,7405,8,3,50940,9,134,4,138,53,100,96,22,15,158,2452280
31335,15051,19380,456369,6187,46005,4,16,149551,29,1220,24,1244,61,1612,61,556,602,1697,2452361
44325,16105,83990,1511601,6213,46425,4,34,211671,69,2817,84,2901,66,2465,2338,81,397,2615,2451472
57499,16442,87390,1598997,5562,6574,2,3,105559,56,1518,60,1579,2,189,971,393,153,253,2451000
58662,1693,45836,1654219,6421,5423,1,17,18281,11,939,37,977,53,178,281,526,131,269,2452738
50216,3559,82467,709401,3758,29668,4,5,164697,37,367,11,378,54,980,73,70,223,1045,2452258
32801,13404,20252,967774,4542,19310,8,8,225871,55,122,7,130,6,1969,84,6,31,1982,2452371
49787,963,20821,1659878,6299,767,10,6,173586,34,122,3,126,54,45,111,5,5,103,2452089
59602,8379,20364,1225895,4158,19221,10,34,70489,47,14,0,15,26,300,9,1,4,327,2452621
42284,3064,64305,1547655,1052,15602,4,9,216403,9,209,2,211,49,52,94,65,49,103,2451551
58428,5596,18334,1800998,3964,10977,8,21,208050,13,1757,35,1792,37,419,860,860,35,492,2451650
42673,2084,98960,636229,4425,10621,1,23,218729,77,2270,0,2270,4,743,1294,644,331,748,2451108
32837,8275,68943,1022459,4120,29381,10,8,43474,55,737,29,767,41,504,649,46,42,574,2452392
58633,8335,16321,111439,1995,10951,7,10,19126,26,1035,0,1035,4,378,82,942,9,382,2452201
59400,17261,71621,1872934,3472,8457,8,5,100450,7,12,0,12,70,16,0,0,11,87,2452225
59726,13153,36516,1454540,2981,975,10,25,72191,12,385,7,393,19,330,23,65,297,357,2452762
35844,14138,24360,203245,4497,30196,7,12,61282,1,0,0,0,34,1,0,0,0,36,2451122
50802,9157,43974,27103,3655,31807,8,31,120719,29,1263,50,1314,57,232,998,55,209,341,2452655
44463,2217,43217,620222,6105,7235,1,28,56136,7,104,3,108,64,104,8,14,82,172,2452252
42072,5660,3771,769484,4073,16215,7,11,139625,75,1040,93,1133,62,1230,988,49,2,1385,2451610
44087,2631,23961,930358,4853,27395,7,10,62072,5,396,19,416,64,36,158,54,183,120,2452749
55463,10280,28635,971915,4494,46273,8,23,34175,10,640,32,672,80,424,281,96,262,536,2451459
36686,7868,57849,386860,4673,30486,8,22,207234,9,245,9,255,53,141,194,12,39,204,2451594
49800,17353,68970,788133,3510,13334,8,8,214799,14,92,5,98,27,104,86,5,0,136,2452221
58726,3163,40769,1854088,3082,48076,1,1,96704,36,291,2,294,69,1490,189,39,62,1562,2451284
58198,10101,59019,320551,342,40180,7,9,158691,41,5224,417,5642,96,1722,3343,300,1579,2236,2452353
55630,5140,806,661207,4467,11774,1,31,119744,9,1432,71,1504,3,755,1203,206,22,831,2451188
39003,17845,43777,33313,4832,36704,7,13,99917,2,89,7,96,23,23,16,72,0,54,2451519
54511,4627,16563,835509,5211,37760,10,19,41385,29,717,14,731,28,452,573,50,93,495,2451936
58097,5859,89666,875459,3685,38758,1,9,5878,6,756,7,763,84,283,226,15,513,375,2452124
48114,5701,68085,841821,6136,14404,10,27,35114,28,95,7,103,52,295,31,41,22,355,2451406
36587,7834,37953,159337,1830,16723,10,12,26894,66,2762,27,2789,29,2389,2043,653,64,2446,2451403
60187,8186,68419,1761898,386,15274,2,20,107197,7,82,0,82,89,99,4,73,3,189,2451232
53869,11881,70103,267938,783,25628,8,8,200726,64,1281,0,1281,49,1080,1217,20,43,1130,2452688
45558,15319,60302,1253938,4437,47736,1,9,133703,56,1935,174,2110,7,940,696,61,1177,1121,2452017
52575,9118,38987,910220,3804,27835,1,3,28160,21,246,0,246,4,19,182,35,28,24,2451192
34854,14141,29675,629884,6431,17331,2,25,16335,15,1378,96,1475,31,110,579,567,231,238,2452360
47471,518,82007,419485,3707,13482,10,26,82355,9,605,6,611,77,118,423,101,79,201,2451888
40544,6527,2140,1817528,6955,25582,4,1,86746,27,646,6,653,32,509,588,58,0,548,2451915
50520,2795,57538,683420,1581,4589,10,33,136489,21,81,3,84,33,334,78,2,0,371,2452355
35585,13441,28773,1856442,5047,16052,4,2,184528,10,737,59,796,25,149,449,140,146,233,2452236
40308,7471,34885,1863544,5356,28768,4,34,238784,58,280,19,300,53,1874,157,100,23,1947,2451666
55176,17491,87242,1107832,6760,49241,1,17,91531,10,260,10,271,48,131,132,10,117,191,2451865
34112,17037,53081,1377786,695,22851,2,6,145304,28,846,42,889,99,78,414,181,250,220,2451953
47104,4653,3870,1733172,210,34001,4,15,121709,39,311,28,339,6,17,289,10,10,52,2452718
53120,6470,47374,1613683,1516,22549,2,25,1164,7,104,9,113,57,173,35,42,26,240,2451260
30520,6043,49299,763847,795,22143,4,4,10972,14,1032,20,1053,25,103,815,171,45,149,2451641
48484,7844,36143,450090,3013,49536,4,27,119357,42,2433,121,2554,90,1118,1021,508,903,1330,2451130
59641,15725,8434,698053,5882,18864,10,23,172954,30,250,22,273,83,56,167,19,62,162,2451920
39460,12230,23138,29108,1640,47819,4,3,2780,50,1419,113,1532,62,2128,198,1195,24,2304,2451628
45997,5560,22048,277883,3061,4639,4,10,60515,76,2038,20,2058,80,598,244,591,1201,699,2451196
30182,13188,5498,464824,7182,3187,8,33,101475,28,199,1,201,96,448,17,125,56,547,2452392
34148,3632,65261,640649,4837,20625,4,21,206934,26,1860,130,1990,35,347,930,781,148,513,2451257
50013,17453,4973,1606902,2878,5254,2,11,234519,23,715,42,758,5,1366,257,54,402,1415,2451825
56936,17965,64394,1616542,2643,16791,4,10,78530,33,3209,224,3434,60,720,1893,355,960,1005,2451992
50374,9740,91637,1365395,4574,44553,2,24,232052,31,1940,58,1998,53,453,1474,358,107,565,2451200
57709,13851,89013,1608492,1281,44917,10,12,171140,13,1554,139,1694,12,906,155,727,671,1059,2452388
51728,14389,18957,1915629,1454,3726,2,3,94153,4,27,2,29,67,30,18,7,2,100,2452650
57855,3316,92418,1373290,1362,12281,1,10,17594,32,212,2,214,31,0,46,67,97,33,2451311
48789,9310,56776,1488552,856,42007,4,20,180075,5,26,1,28,58,12,4,20,2,72,2451490
29706,17062,85207,863911,5015,11719,1,10,4142,6,321,3,324,21,146,237,66,16,170,2451407
36488,695,78451,1898067,6437,9607,10,14,1847,52,2184,65,2250,55,469,1354,157,672,590,2452157
60376,739,47512,948218,2618,14218,4,11,217147,18,817,65,883,27,1189,32,588,196,1282,2451398
40452,3355,72043,1539249,2693,42937,7,28,176478,18,792,31,823,68,79,728,11,51,179,2452497
59117,11372,76281,484242,1003,17011,2,8,69986,19,875,0,875,64,234,201,168,505,299,2451430
51250,11698,84569,313280,2143,37359,10,35,90985,13,200,6,206,97,36,12,71,116,139,2451499
29784,31,90837,13467,2145,33976,4,23,32537,49,829,8,837,97,851,779,21,27,956,2451530
42762,14461,96123,1360701,2841,44534,8,17,58451,51,1608,48,1656,75,578,771,133,702,702,2451991
37267,3559,21310,1288406,2478,7750,7,12,58176,3,76,6,83,14,124,69,2,4,146,2451150
36348,6796,40949,1191160,3119,26678,8,26,158464,38,937,84,1021,42,615,571,10,354,742,2451434
55749,17659,23088,148743,5965,25540,10,12,84818,12,24,0,24,4,40,0,19,4,45,2451623
58884,5988,22090,751980,3005,46383,8,9,83817,6,117,1,118,54,27,75,11,31,83,2452614
52615,5290,73555,489597,1103,14256,2,30,128922,54,2857,28,2886,9,1863,257,390,2210,1901,2451685
43974,11273,3863,69288,6880,15719,2,7,155765,36,0,0,0,52,24,0,0,0,77,2451685
54073,17972,17837,1622447,3773,3146,1,32,112403,85,4580,274,4855,28,1414,3801,420,358,1718,2451536
52033,7235,86169,1632946,4281,10063,8,5,4604,13,746,7,753,21,847,664,19,62,877,2452182
46147,14890,24421,1220361,2999,41637,8,8,140375,3,4,0,4,83,1,1,0,1,84,2451332
54060,890,81445,1383544,6449,33801,10,18,97553,42,930,55,986,29,68,390,242,296,153,2451164
41497,14233,83733,1908740,4912,40637,1,9,142847,12,190,0,190,49,116,139,24,26,166,2451951
38417,11169,82369,917000,5496,48439,8,23,107679,12,179,12,191,14,241,25,43,111,268,2452342
47529,6208,42109,723349,792,32682,7,27,125637,11,222,6,228,54,98,64,156,1,159,2451169
39526,6924,73706,1805706,3738,14570,7,19,52817,5,37,1,39,3,108,2,24,10,113,2452573
34663,11201,90073,486431,4262,6140,8,27,238206,7,523,47,570,90,235,444,21,57,372,2451878
38236,14983,3983,130603,1658,2760,4,35,178583,25,134,9,143,73,833,24,42,67,916,2451333
36498,10812,44477,1837040,795,22103,4,31,192370,4,78,7,86,2,15,17,21,40,25,2452593
42550,2024,40410,1045167,2462,46910,7,31,73018,18,429,25,455,62,802,188,151,88,891,2451360
40372,10023,3828,1433182,630,46925,10,10,51509,8,261,15,276,88,261,219,24,17,365,2452576
29514,14823,28848,1500823,4291,17006,8,16,178043,6,31,1,33,12,46,12,17,2,60,2452532
58608,8646,14198,1811052,6962,32025,10,16,155551,18,0,0,0,20,351,0,0,0,372,2452683
43036,11096,96714,1211535,1556,22777,7,12,180454,4,277,13,291,57,163,127,54,96,235,2451173
36798,17341,85438,1573594,1303,46612,10,2,28710,28,469,42,511,82,59,455,13,0,184,2451986
32141,17312,21167,1266096,425,33201,7,11,170871,86,4910,441,5352,77,3273,1964,2239,707,3792,2451709
60194,10285,1248,22502,527,45752,10,14,131253,5,63,0,64,43,27,42,7,13,71,2451560
50110,10621,698,1383448,5398,46195,8,30,171397,50,6148,245,6393,86,3011,4488,1211,448,3343,2451145
29608,6757,26021,926841,2937,41833,2,17,65137,19,107,5,112,60,35,68,8,30,101,2451280
42622,9274,23809,850096,4464,10785,4,6,186287,7,363,14,377,56,184,363,0,0,255,2451357
43562,12889,64461,702269,650,27031,7,18,4563,6,166,1,167,7,211,18,38,109,220,2452572
32356,716,478,1753424,2577,28530,8,16,130109,28,470,4,474,60,507,390,23,56,572,2451823
36103,13327,37917,374509,1854,47199,4,26,56334,5,112,6,118,98,56,5,4,102,161,2451630
36705,6700,87462,294596,308,40420,10,24,126949,18,13,0,14,10,55,8,2,2,66,2451512
43933,3901,20873,1819295,2294,940,4,18,104667,9,143,4,147,29,29,63,42,37,62,2450938
53489,3055,66078,803999,2028,22410,4,3,174023,32,809,40,850,10,25,72,132,604,77,2452025
45907,17486,61679,1565437,395,24153,10,32,166239,37,1066,10,1077,5,1896,501,435,130,1912,2451116
31855,10621,96598,1494034,2603,12019,2,34,72264,2,11,0,11,80,24,3,5,1,105,2452376
39493,8516,34290,1538213,3593,32973,10,30,54092,3,41,1,43,92,117,3,26,11,211,2451312
36179,10049,25150,1864328,5461,19394,1,23,77951,18,671,13,684,12,847,167,488,15,873,2451995
41101,11672,41392,1144899,5559,25019,1,29,55477,5,420,12,433,25,99,67,113,240,136,2451560
34571,11737,91947,834337,3127,35517,8,2,151932,28,1522,30,1553,16,643,0,715,807,690,2452337
45538,12661,3558,152150,1933,43716,10,9,97884,69,0,0,0,24,1310,0,0,0,1334,2452407
36266,16844,57752,303969,3674,46979,1,12,65402,10,57,0,57,63,376,45,8,2,440,2451879
43529,14413,47282,1559749,2169,26589,7,6,220537,35,3299,296,3596,18,1583,2573,421,304,1898,2452709
56434,2683,58907,1102017,311,32158,10,21,126316,12,510,20,530,17,152,193,262,53,190,2451303
60201,3307,15720,1658136,6282,24828,10,35,160297,17,716,57,774,75,1295,616,95,5,1428,2452362
53049,11503,93840,1614697,822,594,8,1,33448,9,372,0,372,32,190,365,1,6,223,2451944
51718,12296,31579,265871,4218,17365,4,6,163452,34,188,1,190,55,219,141,41,5,276,2451499
56218,13840,39437,170493,4788,3836,8,1,200043,9,365,14,380,81,114,171,187,5,210,2451238
30075,11949,86525,949880,5331,39982,8,34,57946,19,20,1,21,72,31,14,0,4,105,2452666
59988,350,19700,1465998,3739,34633,2,25,42543,46,1262,88,1351,37,661,808,81,372,787,2451612
31956,15776,65678,707381,7078,36375,7,9,132177,9,439,0,439,37,13,395,6,37,51,2451974
55303,3531,99507,707089,592,2495,10,21,166946,1,45,1,47,90,0,39,2,3,92,2452637
58026,6116,1467,497809,4153,20544,4,29,27804,37,4516,135,4652,15,57,361,3906,249,209,2451972
36465,6291,24760,803629,793,4710,1,21,69125,8,285,17,302,91,106,188,61,35,215,2452324
28972,10280,70676,1806268,6202,44889,1,10,52215,58,2066,20,2087,71,2656,433,946,685,2748,2451541
37773,16297,95868,1436414,3059,28151,1,25,11148,4,18,0,18,28,0,15,0,2,28,2451612
41422,9943,99581,1360448,4515,29382,1,16,80090,1,29,0,29,30,11,2,5,21,42,2451334
46161,85,68246,1892000,6635,12823,1,16,207123,7,550,16,567,4,380,198,123,229,401,2451351
32627,16472,99397,378228,2447,27866,4,7,87374,32,938,84,1023,86,1425,629,142,167,1596,2451059
30389,5593,63690,357719,7168,16217,8,23,55195,4,34,1,35,33,97,32,1,0,131,2451169
42967,2498,84973,1533214,5960,14259,2,22,37089,11,556,44,600,69,292,411,2,141,407,2451916
46578,6986,40902,1454583,184,20585,10,27,137716,18,452,36,488,58,201,448,0,4,296,2451963
43499,5270,32701,1599238,1594,34303,8,25,105792,2,35,2,38,43,28,35,0,0,75,2451213
45210,8335,40835,1421422,5489,23956,1,35,105908,41,2378,71,2449,72,962,737,1263,377,1106,2451046
59107,1488,90689,980386,7134,33882,2,13,129723,34,1567,31,1598,93,1007,783,399,383,1132,2452712
36496,962,53797,1132685,988,34444,4,30,89593,8,83,7,90,88,10,77,2,3,106,2451681
39681,9788,12206,47316,593,41423,2,30,222735,1,4,0,4,2,9,1,0,2,12,2451086
53102,16919,933,874863,2924,35385,7,35,168176,38,2608,208,2817,88,163,130,743,1734,460,2452404
30027,14121,59832,1354176,3507,21638,4,20,77899,39,2336,93,2429,95,1116,1915,54,365,1304,2452295
58839,9901,68074,1290240,3743,13999,7,3,206721,22,520,5,525,5,38,182,280,57,48,2452268
31935,17,89346,115944,3161,22378,8,12,30799,16,165,1,167,35,85,144,15,6,122,2452207
37057,16307,74434,546016,6751,17933,2,25,201740,3,174,13,188,76,154,141,19,13,244,2452230
43970,4041,87565,1414728,793,4458,1,13,51160,40,4064,40,4105,64,1204,812,812,2438,1309,2452203
42961,14602,31232,58150,2667,39137,7,26,182881,29,1477,44,1522,58,1099,1463,10,4,1202,2451363
39043,12107,95084,279511,3854,49797,7,28,72604,5,5,0,5,50,11,2,1,1,62,2452306
46169,5604,984,1524516,3928,12540,8,12,223167,56,2768,249,3017,27,1461,332,852,1583,1738,2452643
53922,14942,33688,958652,1436,45867,1,5,108731,78,1169,58,1227,69,507,795,14,359,635,2451806
35688,16208,85925,94157,6502,35694,2,8,222483,34,3333,266,3600,5,470,900,1241,1192,742,2451580
50222,9651,64996,691534,742,9150,2,26,211720,75,2385,214,2599,7,1113,1574,721,89,1334,2452642
49590,9587,35195,368123,6237,3998,10,1,72486,49,2943,235,3178,9,1095,294,476,2172,1339,2452292
34570,7850,86717,73205,3340,24228,8,21,221702,1,9,0,10,69,0,1,8,0,71,2451508
60063,778,92315,197686,3964,35089,10,32,151340,21,2038,122,2160,5,611,509,1192,336,738,2451566
53526,9002,13818,1231443,484,19525,10,7,173681,15,135,0,135,44,49,114,20,1,93,2451291
46278,6520,44950,1102439,728,15817,2,25,155491,13,678,61,739,60,103,461,84,132,224,2451448
39805,8068,46511,440800,3089,28978,1,11,186985,35,21,0,21,86,2,0,13,7,89,2451587
43413,8255,41270,566947,2491,3235,1,3,162285,18,1309,39,1348,53,240,209,923,175,333,2451843
48237,17950,95011,916360,2156,29505,10,15,100519,55,1209,96,1306,8,520,894,125,188,625,2451129
47815,7720,40133,1807400,6535,8070,4,7,221257,4,210,16,226,37,8,107,68,33,63,2451620
32907,12470,73932,1140087,1408,19976,10,25,108764,25,127,6,134,33,83,70,54,2,123,2450827
49714,3788,76479,1489505,2501,2744,4,20,42108,29,3018,150,3169,35,426,1328,1250,439,613,2451492
39121,11991,83883,489884,575,4466,8,33,59372,14,630,56,686,96,506,510,99,20,660,2452277
34734,15572,32557,1685356,1672,26035,8,22,57647,20,459,22,482,91,998,59,31,367,1113,2451250
42097,17449,19074,328974,7016,2258,1,14,12964,7,59,2,62,92,0,45,4,9,95,2451787
43270,17429,45885,1709770,4369,14168,8,8,8523,60,4330,259,4590,95,1186,3897,376,56,1542,2451952
44301,16020,8322,1299478,3158,6838,1,35,68580,85,5392,485,5877,31,3676,3019,1993,379,4193,2452616
40574,4733,55955,1020067,3379,33091,4,5,55821,90,1061,42,1103,82,1608,954,78,27,1733,2451937
56541,5714,81783,1252084,3538,39439,10,9,151732,26,28,1,30,35,18,12,11,3,55,2451074
59317,13993,56075,1349302,6882,509,8,6,219801,31,1686,67,1753,75,1386,50,474,1161,1529,2452203
29669,1708,90629,842370,3292,46967,2,24,96489,39,258,5,264,29,487,113,91,53,522,2451175
47701,2137,49913,1309357,3996,18635,10,3,220393,29,140,0,140,42,432,137,0,2,474,2452423
58715,12961,42361,1823538,6712,35886,1,12,222091,3,24,1,26,62,49,5,10,8,113,2452685
60361,913,44697,40466,5336,27006,2,1,115113,53,546,10,557,21,149,43,341,160,182,2451712
42445,8702,69795,1479293,3125,33404,2,25,147687,31,1129,79,1208,65,1091,756,208,163,1236,2451209
43052,13339,41666,932827,3993,3112,2,7,71565,28,1227,85,1313,57,1026,932,229,64,1169,2451201
39520,6322,73201,201218,377,34336,8,9,47398,37,3150,189,3339,6,818,945,1301,904,1013,2451504
36986,8017,88407,1257147,5887,9427,8,22,10943,5,81,4,85,22,44,5,12,63,70,2451056
40900,2521,21386,1750604,3315,10426,8,8,217747,45,238,16,255,52,9,69,156,13,79,2451272
30282,14560,18284,1509672,1809,1193,7,4,205559,56,2771,0,2771,26,2828,388,1763,619,2854,2451299
51541,2656,4567,946014,5469,11324,10,1,153588,10,119,8,128,22,527,119,0,0,558,2451463
40123,14587,82053,1082211,5645,20326,10,6,133006,18,438,17,456,74,169,289,93,55,261,2452734
53851,10633,78906,1558075,2136,43444,8,21,99514,7,402,20,422,75,75,261,92,47,172,2452589
37118,206,45505,1679152,7101,9497,2,5,65696,1,31,1,33,46,9,12,3,14,57,2451906
31387,15163,47989,1052098,1529,17760,4,17,205748,31,69,4,73,53,69,34,32,3,126,2451833
51142,14460,15484,662413,5044,33675,4,4,5489,26,679,33,713,17,93,217,406,55,145,2452644
41767,4482,15622,1031682,5695,27355,4,18,9445,34,91,3,94,98,28,81,0,9,129,2452480
49581,3943,60104,434601,1604,35454,7,22,219524,23,497,0,497,46,338,397,89,9,385,2451152
48896,9013,29133,1623403,4808,7413,7,23,46415,3,82,4,86,88,38,49,20,12,131,2452207
47811,2564,81822,1230210,5673,7536,7,10,31624,20,2241,67,2308,79,1004,1882,71,286,1150,2451211
46259,985,64141,1290419,1481,29343,1,32,204868,1,36,0,36,49,7,3,24,8,56,2452656
46958,10357,73170,899491,3818,19792,1,16,201044,1,4,0,4,62,17,2,1,0,79,2451407
56415,14401,11107,835785,1659,10333,1,29,71607,32,100,3,103,83,165,69,18,12,251,2452233
33815,2764,73786,358465,4267,36469,8,8,152094,41,866,8,875,58,766,0,164,702,833,2451448
60841,15781,94219,1604326,2938,38397,1,31,191757,49,2819,84,2904,67,1981,2030,292,497,2133,2451252
42208,2947,51769,158720,5973,46779,1,23,101207,8,103,2,105,19,124,78,4,19,146,2451546
40199,7905,88025,740410,6122,17881,2,12,200113,26,2097,0,2097,31,142,272,492,1332,174,2452278
33426,5756,6317,962206,5256,5459,8,17,23667,79,1160,81,1241,63,1658,916,99,143,1803,2451047
54787,1613,70626,818195,5037,23032,2,29,109291,52,3494,69,3564,57,2305,454,2584,456,2432,2451772
50252,2329,79318,1161083,4719,27955,8,24,86700,67,1221,73,1294,98,996,341,281,598,1168,2451315
35742,17306,38464,1713512,4524,42289,2,11,11591,18,1640,131,1771,71,776,1000,313,326,979,2450902
50612,11802,85278,1381029,3498,14767,7,15,185102,14,1427,71,1499,63,827,114,998,315,962,2452670
53411,3256,5408,41447,1500,46753,4,22,7311,20,361,0,361,75,305,90,149,122,380,2451222
55262,7886,111,875669,6120,4571,4,11,109850,7,331,9,341,57,149,198,53,79,217,2451963
54102,8869,73435,1278787,6674,23008,8,24,59940,30,2005,160,2166,42,330,1965,40,0,533,2450956
30092,8870,59785,1718030,3922,37367,4,4,186759,5,133,3,137,97,40,121,10,1,142,2451450
48593,3533,40667,1359824,651,13078,2,35,183083,23,1164,93,1257,17,97,163,991,10,207,2451985
30247,9908,25542,6232,5110,33188,4,11,152551,22,84,4,88,95,63,50,21,12,162,2451637
40899,12002,26058,695378,3557,38183,10,26,48900,89,172,13,186,33,258,32,124,15,306,2451180
31522,5447,52222,1053937,4829,47721,4,10,220854,76,1731,138,1869,37,207,432,753,545,383,2451965
36181,9431,53641,1693800,6815,4630,4,5,223889,2,33,0,34,7,24,0,0,32,32,2452023
51772,3402,97871,939663,5808,10800,8,35,19641,27,958,9,968,58,711,210,568,179,779,2452744
41043,14371,4499,915032,1766,14500,2,23,6825,10,448,22,471,1,140,264,125,58,164,2452574
30156,5821,67162,1532860,4083,13706,1,2,89358,2,260,18,278,7,49,86,153,20,74,2452478
44778,13207,76340,1600219,912,3652,2,22,100364,18,574,40,614,73,558,413,40,120,671,2452322
58461,476,6810,440624,2438,29052,10,15,47623,71,793,63,856,83,3172,71,483,238,3319,2451618
58110,7727,51869,1325293,3271,35296,2,14,210130,17,518,10,529,19,555,513,4,0,585,2452060
48330,2991,80885,1236468,6058,36048,10,23,146771,56,1884,150,2035,11,520,1262,192,429,683,2452588
59789,9478,34525,894749,6380,26764,2,12,19806,37,500,20,521,29,280,405,38,57,330,2451619
33021,10290,40340,970744,5407,35623,10,27,9083,41,1846,0,1846,35,455,978,251,616,490,2452672
43951,13762,66581,616399,1417,46035,8,21,742,24,1439,115,1554,93,887,935,463,40,1096,2451334
37056,13987,92161,1863355,6131,12860,7,5,228785,7,270,24,295,77,135,2,109,158,237,2451572
43245,7023,99763,1006374,7101,27428,4,10,206167,13,1252,75,1327,61,488,375,771,105,625,2452078
31386,15769,680,1048741,6815,39689,4,27,74706,14,1669,0,1669,27,333,667,490,510,361,2451218
31736,6361,35108,1083377,6047,20764,2,6,149387,51,137,8,145,82,151,46,59,30,241,2452275
39997,5276,415,951213,4858,22903,4,11,123813,33,65,3,69,77,16,36,18,10,97,2451463
55785,15688,76827,1138114,459,18051,10,11,168741,47,1152,34,1187,88,415,1014,52,85,538,2451112
34056,12643,8294,812707,930,37906,8,30,175822,9,474,42,516,78,116,417,47,9,238,2451748
34640,16142,46318,1561200,705,33763,2,18,164610,3,109,0,109,2,15,33,44,30,17,2451199
58704,4910,26089,337136,4769,14355,2,9,208031,52,1196,11,1207,75,3680,873,38,284,3767,2451583
57774,11271,8803,1699661,2294,30480,8,4,140945,1,33,0,33,43,17,12,13,7,60,2452394
57032,3167,27017,807834,3400,42566,10,18,220843,39,39,3,42,89,26,18,17,3,119,2451878
42013,6661,65850,1630000,351,16749,10,6,147496,2,50,0,50,54,15,39,5,5,70,2452774
47461,9430,94451,1462539,5903,30020,2,8,211196,45,5,0,5,81,28,1,2,0,109,2451307
47688,6786,7407,1904230,5185,38540,1,30,196236,5,380,30,410,96,10,304,46,29,137,2452585
57417,8637,41920,507205,6090,43775,2,25,224000,2,125,6,132,21,27,107,5,13,54,2452716
58803,12543,59540,1395230,3273,21763,8,6,60145,24,1852,18,1870,34,1745,18,1668,165,1798,2452796
40030,1953,8621,1137730,3192,7854,1,10,187062,40,820,65,886,1,567,549,224,46,634,2452700
39889,9338,79912,581439,1246,13853,1,30,111281,2,23,1,24,92,36,11,6,5,130,2451985
60754,437,98445,1543009,4469,29929,4,24,219961,69,12509,500,13009,39,5253,0,4753,7755,5793,2451956
34566,15362,30370,1666790,6724,16658,8,23,196640,21,335,26,362,50,317,93,123,118,395,2452025
49463,1455,17462,1156851,2190,9482,8,10,129578,1,86,4,91,90,29,28,16,41,124,2452319
34200,1124,96653,876977,3701,48025,4,33,204086,14,398,35,434,43,89,319,41,38,168,2451874
51742,12674,7463,1541617,4887,12157,8,15,27337,24,749,14,764,5,582,52,195,501,602,2451646
45818,7568,95896,1517988,3467,34946,4,6,164272,58,2552,204,2756,38,141,1352,11,1187,383,2451596
55507,16634,71227,710222,60,26298,10,24,11632,47,2105,42,2147,29,233,294,615,1195,305,2451637
55631,4559,49009,270315,6482,4602,8,26,221232,6,148,11,160,21,1,26,64,57,34,2451896
43404,11913,5985,1278275,4551,30427,8,26,231139,28,881,26,907,2,1597,246,31,602,1626,2452479
59753,15884,49791,666790,617,14844,2,15,228387,69,8326,582,8909,2,3122,1831,389,6105,3707,2451825
34074,7126,31715,786787,876,23765,2,35,152259,1,115,8,123,31,43,78,5,31,83,2451556
37702,17785,61965,885815,3141,33667,4,4,231028,45,751,45,797,59,2047,187,16,547,2152,2451199
59086,12280,87020,973930,4230,10177,4,17,147107,19,634,31,666,74,402,399,122,112,507,2451348
35769,12493,37059,1573085,295,29905,8,20,62971,35,2903,261,3164,53,1789,1190,1010,702,2104,2452387
29899,8246,5204,1676981,1139,18850,10,16,102439,44,858,17,875,41,2391,274,507,75,2449,2451993
54077,5644,55409,1116163,2465,17167,8,1,4917,10,222,17,240,21,48,8,115,98,88,2451637
32925,11513,86602,1585384,6573,40162,4,12,191488,61,6701,67,6768,79,1827,2144,227,4329,1973,2451865
31504,13891,82288,1596302,4331,5560,1,3,75095,34,147,0,147,95,113,54,28,64,208,2450950
37420,1502,68474,455091,6535,49626,7,4,32318,1,13,0,14,93,16,0,9,3,110,2451986
52695,17745,46154,1455392,2876,45607,10,7,151835,71,311,28,339,45,81,249,18,43,155,2452641
38132,2299,12601,653829,257,13838,10,29,101574,24,992,69,1061,11,247,396,154,440,328,2451045
58636,4702,78224,293054,7102,3550,10,21,107848,2,83,2,85,50,101,13,68,1,154,2451533
35483,2809,73079,335257,5090,5723,1,21,156514,34,942,18,961,49,1938,94,644,203,2006,2452227
36882,9530,78961,537845,551,27210,1,5,85898,73,1399,69,1469,58,595,1161,176,61,724,2451561
42854,15161,23497,904202,21,24193,1,17,222700,59,634,50,685,92,1496,12,267,354,1639,2452283
38615,8046,12519,998425,5286,21794,2,30,147621,15,729,43,773,10,207,474,89,165,260,2452756
43530,8101,40764,1208136,1908,46527,4,33,61067,16,22,0,23,94,18,19,1,1,113,2452486
48162,4634,804,1020302,7064,34179,2,14,188241,46,2724,54,2779,4,997,2043,476,204,1057,2451800
40824,1742,87429,282374,6680,17786,4,20,143581,3,203,18,221,41,125,36,30,136,185,2451219
45978,10069,96368,491522,1267,37412,4,2,76717,78,1885,37,1922,98,1014,810,956,118,1150,2452534
52040,9399,79031,1236758,6485,35412,8,11,144878,15,219,17,237,79,146,79,43,97,243,2452244
35737,5269,47303,1461646,4183,35873,1,18,96207,1,1,0,1,68,2,0,0,0,70,2452242
51655,12805,8349,557723,1574,18178,7,33,62923,55,2740,219,2959,41,2131,1891,25,824,2393,2451790
58922,14377,66658,395524,6392,32107,4,13,219540,60,369,14,384,1,114,121,84,163,130,2451615
58032,14355,48921,1429189,2384,30779,1,16,239189,27,244,9,254,85,108,4,38,201,203,2452287
61047,14782,24911,307371,5689,13607,10,25,70985,1,145,7,152,33,42,33,24,87,82,2451148
40768,765,86730,828904,4176,49448,10,7,74324,75,258,0,258,88,172,116,61,81,261,2452317
53985,12367,24644,1161272,614,46356,8,33,104509,92,10086,201,10288,23,139,5850,2965,1270,365,2452677
58405,15801,31002,1186956,471,13186,1,21,140505,2,41,3,44,8,27,7,5,29,39,2452492
37314,16898,7112,1428864,2033,402,4,15,25749,64,1396,13,1410,32,624,139,402,854,670,2452006
52426,3274,6349,1165518,4703,47488,4,28,36631,3,50,0,50,15,5,34,3,13,20,2451202
55195,16635,38849,1918905,5326,28147,2,14,23695,74,303,9,312,18,159,54,49,199,186,2452728
52379,6292,511,149167,3776,45632,2,9,75028,12,27,2,30,73,286,13,12,1,362,2451153
56405,8631,25062,1237797,1761,40125,7,15,31991,2,39,1,41,21,6,35,4,0,29,2452681
39125,15451,24615,64461,5832,14003,2,5,51122,21,911,72,984,1,573,546,54,309,647,2452226
53529,1449,68687,380625,1845,7065,1,22,158265,35,516,0,516,83,442,87,415,12,526,2452270
30273,8137,7319,434825,6794,39916,1,34,166667,49,1623,146,1769,63,2087,1055,68,500,2297,2452394
34815,6079,674,126900,4976,12252,2,31,144854,22,1586,47,1633,25,1016,253,506,826,1089,2452586
50997,5786,49796,1043823,2737,1204,2,12,29208,1,27,1,29,33,47,13,9,4,82,2451167
33184,6254,73692,187925,3063,4248,2,24,132000,8,84,5,89,72,31,77,0,6,109,2451544
57177,3546,39638,1683579,6720,40614,8,1,82888,45,3313,165,3479,28,1291,2451,17,844,1485,2452727
38302,14757,22608,1594956,6687,10865,4,16,175539,14,44,3,48,23,50,42,1,0,77,2452574
29678,9325,38859,1660105,4551,40150,7,12,67639,16,398,35,434,95,191,267,85,46,322,2451897
53037,17036,40553,924917,1281,43245,2,1,139220,2,21,1,22,6,16,15,1,3,24,2451473
43812,3511,19522,498507,2645,39630,10,11,230194,10,354,14,369,66,354,28,22,303,435,2452052
53462,17426,8041,1069109,577,12045,2,8,146888,10,394,35,429,14,77,342,22,29,126,2451696
40636,5093,30960,1620353,1287,48668,4,20,218183,10,98,8,107,71,517,30,19,48,597,2452319
30782,11722,1286,21533,588,5643,8,11,213217,18,1582,94,1677,3,619,1313,164,104,718,2451180
29978,10531,80712,636804,1698,37745,8,28,172041,24,137,5,143,65,462,60,47,29,533,2451919
35279,9985,86775,375084,3446,38208,8,30,125487,15,896,8,905,17,109,161,286,448,136,2452535
54314,11114,64708,1507196,4884,30572,8,31,138291,12,1517,45,1562,18,625,1228,5,282,689,2451151
57485,9469,62730,1009876,6269,10615,8,4,191172,25,1791,89,1880,35,1716,1683,55,51,1841,2451942
45151,6553,80593,1858823,1611,19952,7,28,127696,81,115,2,118,84,582,97,1,17,669,2452527
44887,4831,79586,1040477,832,37987,7,2,81062,43,1207,12,1219,23,503,362,202,642,538,2451054
47722,11288,10236,1146019,6865,22064,2,19,48172,18,925,0,925,57,448,37,328,559,506,2451882
48609,8575,51565,1431154,13,13625,8,16,85283,3,64,3,67,14,71,30,3,31,89,2452303
59992,1707,70215,711683,2708,12133,2,28,2561,56,3065,61,3126,12,0,980,958,1125,73,2452678
44845,6348,51350,1655756,4808,17060,2,9,178597,94,2589,155,2745,32,4028,1553,31,1004,4216,2452407
58433,6269,61559,822194,722,14050,2,26,19397,2,78,5,83,38,67,24,20,33,111,2452026
57929,3476,27589,1005088,4346,3557,10,26,121696,47,1602,144,1746,9,1798,416,818,367,1951,2451976
48138,8445,36101,786673,4651,14582,4,21,157247,77,2160,21,2182,36,2314,1317,328,514,2372,2452599
45823,13706,16365,1595496,4643,24190,8,14,227508,2,53,4,57,52,46,51,1,0,103,2451630
54339,8146,3810,428467,728,9742,1,24,136342,22,166,3,169,8,78,38,109,19,90,2451355
44828,7056,56426,1756735,6832,46929,7,30,77871,6,604,30,634,95,99,163,180,260,225,2452671
41580,14876,96802,643395,61,12327,2,16,208096,48,6416,513,6929,6,2092,1668,3893,854,2611,2451893
55136,14725,70209,1257891,6736,8428,2,30,164386,41,1325,66,1391,40,245,874,144,306,351,2451937
53370,11778,17043,1622615,869,1523,1,1,217330,22,101,2,103,23,35,3,28,69,61,2452461
60324,3896,67828,841345,1723,40454,1,31,106359,8,35,1,37,38,34,28,4,3,74,2451600
53204,3850,34918,349797,2250,1056,1,25,37525,70,900,72,972,98,337,90,648,162,508,2451043
54757,165,41290,968108,2126,16144,7,35,507,26,94,3,97,8,45,0,10,82,57,2452119
31613,5377,36077,1902531,205,17079,10,24,114883,11,1044,93,1137,94,706,41,150,851,895,2451379
43282,4918,96182,793943,4504,34665,7,2,45258,1,8,0,8,86,18,5,0,2,105,2451182
60400,10714,64285,1270939,2789,33039,8,19,144883,3,42,1,43,76,55,37,1,3,133,2451215
51330,5720,86084,1379490,1982,37721,8,22,177094,12,335,3,338,12,77,294,24,15,93,2451534
53158,5000,59166,1743873,4799,30525,4,22,105934,8,368,33,402,56,141,343,0,25,231,2451247
28843,4231,91129,1356690,3078,23066,7,32,146154,19,2153,21,2174,71,630,2110,26,16,723,2452307
39476,15262,71189,1648806,2316,26626,2,1,164230,13,575,23,598,8,422,86,146,342,453,2451315
60134,14989,29669,1353939,6656,126,7,18,43734,2,43,1,44,30,16,12,16,13,48,2450918
32334,16916,70983,994015,1275,8888,10,33,175015,78,2566,230,2797,42,2943,2463,65,36,3216,2451705
40267,5119,47221,1329912,6873,234,8,31,70395,14,0,0,0,15,313,0,0,0,328,2452544
50409,4945,80290,1278057,5518,21426,2,2,74300,19,482,43,526,76,108,212,148,121,228,2452427
35668,4801,66484,1654895,20,39098,2,34,84371,10,457,4,462,56,181,283,99,74,243,2451345
31175,4237,1183,346922,5913,18504,2,19,119088,8,86,0,87,13,20,34,6,45,34,2452342
60404,14197,34509,131276,6605,33134,1,34,149936,13,268,0,268,70,98,59,87,121,168,2451567
30702,7825,53464,1235602,6675,13348,2,1,139841,57,950,47,998,14,404,950,0,0,465,2452466
49890,15541,31132,591809,5286,10363,2,7,50050,31,2595,155,2751,16,1157,1842,549,203,1330,2452156
43894,9014,44759,1516815,3341,37067,1,4,221878,11,666,33,699,4,245,606,48,11,282,2451247
36811,9937,35215,746931,5953,928,7,25,119451,30,360,3,363,31,110,126,102,131,144,2451254
45975,6541,17226,290248,2905,21162,10,13,60295,1,25,1,27,17,6,18,4,2,25,2452136
37714,15433,20352,618645,2185,30525,8,3,4718,12,527,42,569,5,147,348,43,136,195,2452659
60465,3664,97958,1685785,24,310,8,20,2787,19,1474,0,1474,34,286,825,330,317,321,2451275
48537,12740,87403,739034,6218,17049,7,14,22230,6,40,2,42,66,31,10,7,22,100,2451942
51788,989,25591,829702,2143,15784,4,8,32748,35,763,38,801,17,833,542,112,108,888,2452295
45526,17876,46035,1810156,4916,44829,7,5,195856,12,301,18,319,57,51,286,3,11,127,2451602
51669,8416,46651,692422,721,12973,10,9,138286,2,188,15,203,91,95,158,15,15,201,2451216
